paymentId,card_username,card_type,card_number
1,gcoverley0,diners-club-us-ca,5545607958712948
2,mgerrie1,diners-club-carte-blanche,30448437262681
3,fmccorrie2,jcb,3577513629294371
4,ebakey3,visa,4041597675560922
5,ajenckes4,mastercard,5510561265040454
6,scadell5,mastercard,5527688511053493
7,aphuprate6,china-unionpay,56022120157691132
8,torton7,china-unionpay,5602225094911710
9,werrowe8,diners-club-carte-blanche,30063551875109
10,bzimmermanns9,jcb,3551535534138138
11,dsmicklea,bankcard,5602220753416101
12,amahonyb,jcb,3546911099085451
13,scordelc,jcb,3532398761329597
14,mtowelld,china-unionpay,56022156904398035
15,dlattye,mastercard,5010128059736732
16,adunphief,jcb,3534536697042754
17,teyamg,maestro,6304277791996855185
18,itwintermanh,visa-electron,4405772558696222
19,vlorensi,diners-club-carte-blanche,30246748067553
20,astrangwardj,visa-electron,4175009555465527
21,akimmerlingk,diners-club-international,36749596006072
22,cfeastl,jcb,3560698238451147
23,ehutchinsm,diners-club-carte-blanche,30215528495144
24,elondonn,jcb,3535737474758088
25,kdovestono,visa,4731984029716
26,pthunnercliffp,china-unionpay,5602210971017551959
27,lcianniq,laser,670958302028607549
28,dfarnhillr,china-unionpay,56022283843867555
29,dmaffis,mastercard,5100134088012815
30,scouronnet,instapayment,6387437139891653
31,carlingu,jcb,3536530641644979
32,mparnhamv,mastercard,5100173669092770
33,cvaughnw,china-unionpay,5602231046837037
34,fkitsonx,laser,6709356393318193678
35,ckeymary,mastercard,5002357034077876
36,dhillinz,switch,6759271970886120
37,mmaffei10,diners-club-enroute,201715611407586
38,bmaccaughey11,visa,4017958365553
39,elacoste12,jcb,3537152425825549
40,lkinig13,jcb,3543113831741078
41,fgilford14,jcb,3565238586475391
42,whully15,jcb,3554139840574586
43,yambrogio16,jcb,3576314878878233
44,dmundle17,switch,4936752885365707
45,amarcq18,mastercard,5325460620973241
46,wdampier19,jcb,3585594912966792
47,mcantos1a,bankcard,5602225221894334
48,hmandell1b,jcb,3565320665156165
49,drothwell1c,visa-electron,4175009605862731
50,rvise1d,china-unionpay,5602254958151684
51,wbance1e,diners-club-us-ca,5534373599133308
52,mpetigrew1f,laser,6706459728723745
53,adimmock1g,jcb,3580098570514683
54,slaneham1h,jcb,3571072529374854
55,kmcconnulty1i,diners-club-international,36981134546109
56,tbrazur1j,china-unionpay,560221236878931688
57,abezants1k,jcb,3573670410234471
58,kseyers1l,visa-electron,4844202928727662
59,jstoller1m,americanexpress,370385833021287
60,ahandrick1n,jcb,3585674016228685
61,gsheerin1o,jcb,3573790816291519
62,greddoch1p,americanexpress,374622405228031
63,wbridgens1q,jcb,3573290920431994
64,fdorgon1r,visa,4738111380445284
65,strouncer1s,china-unionpay,560223820865917434
66,ajunkin1t,visa,4041598530776000
67,ehammant1u,visa,4041591474967271
68,ccody1v,switch,490582195245135824
69,csabatini1w,switch,5641824987454797
70,bvoff1x,diners-club-us-ca,5555197145143956
71,pcarncross1y,diners-club-carte-blanche,30000684370855
72,vcoulthurst1z,bankcard,5602249810299135
73,rgraves20,mastercard,5381660576580319
74,hstclair21,maestro,6762541654851324557
75,cluxford22,jcb,3570096098495700
76,jcalendar23,mastercard,5187543423368847
77,rtenby24,jcb,3576568434714683
78,sfindlay25,jcb,3552341949112381
79,druckman26,jcb,3532138311871650
80,aeverit27,jcb,3551880694895733
81,kblinco28,jcb,3589851067711183
82,bhaslen29,mastercard,5007669993109085
83,tquesne2a,switch,491144099230655656
84,xchancelier2b,jcb,3575491965611833
85,hkluge2c,diners-club-enroute,201953635729459
86,apickavance2d,jcb,3533157391620562
87,amuggleston2e,china-unionpay,5602228466133491
88,esimondson2f,diners-club-enroute,201921312926151
89,pmccardle2g,jcb,3585162060286130
90,nbrennan2h,maestro,63046270480909558
91,hlear2i,jcb,3563043866017828
92,pmcgrouther2j,switch,4905198626927254342
93,mmccrackan2k,jcb,3567641962816807
94,spinching2l,jcb,3538830849927236
95,ameffen2m,maestro,63047407120091871
96,lgrewer2n,switch,490326522436887767
97,bpace2o,maestro,503857241457582895
98,sfarre2p,bankcard,5602221982517966
99,nlazenbury2q,mastercard,5355041687607071
100,cwegener2r,americanexpress,341276098132701
101,ephillips2s,switch,675963756278260675
102,belderton2t,diners-club-enroute,201676026963870
103,mmcnair2u,mastercard,5100172230814365
104,jnursey2v,mastercard,5100173252777068
105,bjantet2w,diners-club-carte-blanche,30546286885229
106,fkubalek2x,china-unionpay,560224520257330712
107,cblei2y,jcb,3582012254818490
108,badamo2z,maestro,06042681476583798
109,kspelman30,jcb,3544585490868186
110,kbauser31,jcb,3548850963449260
111,gfradgley32,jcb,3570541262085068
112,mosullivan33,jcb,3571690845630079
113,aaisbett34,americanexpress,337941374175064
114,fbechley35,bankcard,5602224892528164
115,gruffey36,china-unionpay,56022376877720474
116,dwaud37,jcb,3551700289156822
117,hcampanelle38,maestro,5020168190213584543
118,fbritto39,jcb,3537596760365927
119,seddow3a,jcb,3560524904621831
120,bbabon3b,diners-club-carte-blanche,30543793751952
121,cdollen3c,jcb,3573049251723860
122,tburston3d,mastercard,5327798616545137
123,trobertucci3e,jcb,3563583122266081
124,twoollaston3f,diners-club-carte-blanche,30274951886915
125,jkillbey3g,jcb,3557845494831869
126,nclilverd3h,mastercard,5395373228723881
127,fdudden3i,mastercard,5010120416784752
128,aboam3j,diners-club-enroute,201988642033636
129,ajimeno3k,maestro,0604205154112658114
130,amaunder3l,visa-electron,4026753252822727
131,bfrow3m,jcb,3531226624770817
132,bhelix3n,jcb,3555582398717231
133,cambrosio3o,jcb,3589286512941822
134,dmacardle3p,bankcard,5602215250912875
135,npuncher3q,visa,4041379576978
136,edyka3r,maestro,675952473992190336
137,cpennuzzi3s,jcb,3567155804873074
138,bsalvadore3t,bankcard,5610934005159091
139,mfebvre3u,visa-electron,4844661758722855
140,dmaisey3v,jcb,3548734292020382
141,ebalassa3w,maestro,503857781631285774
142,bbiagini3x,china-unionpay,56022384157566872
143,eradloff3y,jcb,3552984509669827
144,igreeve3z,jcb,3538337203754420
145,hhowlett40,bankcard,5602254216515076
146,vbettlestone41,jcb,3561251435494335
147,mtootell42,laser,63049200393218232
148,mjendrassik43,jcb,3575119555676888
149,jbartolacci44,mastercard,5108752158562518
150,mmcinnes45,bankcard,5602259597438186
151,eellyatt46,mastercard,5048377411975928
152,pmussared47,laser,6709166302269647913
153,mblogg48,bankcard,5602216150153461
154,kridsdole49,diners-club-international,36872746751940
155,eocaherny4a,jcb,3560272014521737
156,dwinfindine4b,mastercard,5100131699336294
157,abayfield4c,diners-club-enroute,201658985944976
158,mwegman4d,jcb,3566396084079682
159,jmoloney4e,china-unionpay,5602238689877147
160,cnayshe4f,jcb,3555947405415550
161,lbims4g,jcb,3555867099658820
162,erides4h,visa,4041595808711990
163,ktett4i,jcb,3574184562999005
164,blatan4j,jcb,3581695613852258
165,rsneller4k,jcb,3586321074735636
166,bpawnsford4l,switch,5641821438911707987
167,wsollas4m,jcb,3587918605717139
168,gtolchard4n,diners-club-carte-blanche,30119716381191
169,egrieg4o,jcb,3541723573847628
170,ewheelband4p,diners-club-enroute,201980148784374
171,egiblin4q,jcb,3538042379088369
172,kperett4r,diners-club-enroute,201590296663237
173,teverix4s,visa-electron,4844724710487726
174,aliffey4t,jcb,3586228996906189
175,eleaning4u,jcb,3554749650262815
176,dbeeston4v,diners-club-enroute,201438399176253
177,barne4w,jcb,3540831830587902
178,nsitwell4x,jcb,3552165737897956
179,adeetlof4y,visa,4041597017456805
180,bsatchell4z,jcb,3549548328118666
181,wstrathern50,jcb,3579646954306523
182,avogl51,mastercard,5380983552528628
183,adoubrava52,jcb,3552492405888178
184,mwillard53,jcb,3558954358520045
185,rmaffetti54,mastercard,5130019680111806
186,czieme55,jcb,3551781984688384
187,cprawle56,laser,67716825867530465
188,hruckhard57,jcb,3541596844998283
189,mhuyge58,bankcard,5602242280049569
190,gwithringten59,jcb,3561825835722724
191,nplan5a,jcb,3530195829001008
192,aworsnup5b,diners-club-enroute,201719120263969
193,tjohananov5c,maestro,5018422211477976
194,kcomusso5d,visa-electron,4913642281083953
195,bbeagin5e,jcb,3539711982849966
196,mhansill5f,visa,4041593438369
197,mhaly5g,americanexpress,374283024338360
198,llouedey5h,maestro,6304566698417889844
199,nbenediktsson5i,solo,676767956319046614
200,pstaddart5j,instapayment,6396905369783351
201,hglassford5k,jcb,3546636972269662
202,zantrum5l,jcb,3569222839136956
203,tmcallister5m,solo,6334669395372812
204,erayson5n,diners-club-enroute,201545508478865
205,sstearndale5o,mastercard,5223457562860413
206,wbalston5p,mastercard,5100137649914809
207,dhoggan5q,jcb,3558452892213763
208,bstainson5r,jcb,3542225673859650
209,kbeernt5s,diners-club-carte-blanche,30349413639779
210,jharbert5t,jcb,3582220562155287
211,acourtney5u,mastercard,5199098302217983
212,lpetris5v,jcb,3572217410302782
213,cfancott5w,visa,4041594843724
214,qnewton5x,switch,633349676504010112
215,bduthie5y,jcb,3558012968823059
216,sdeuss5z,jcb,3551880267087445
217,mgavrieli60,jcb,3533710071978591
218,ccoppock61,laser,670630409737899196
219,jgatecliff62,jcb,3546881924477613
220,tdanilin63,mastercard,5215282863843045
221,mboxer64,jcb,3588620149573627
222,lmonkeman65,jcb,3569790412095179
223,mmcilhatton66,switch,490348380377273339
224,pchapleo67,bankcard,5602254565319500
225,sbarnshaw68,jcb,3538351566532539
226,bwhaley69,diners-club-enroute,201498102867440
227,tbickle6a,jcb,3582288454453284
228,jesmonde6b,jcb,3548767506378279
229,nedworthie6c,mastercard,5100139503699708
230,kboydell6d,jcb,3575362111471390
231,mfishbourn6e,visa-electron,4405678575427386
232,jandrich6f,jcb,3569907959971147
233,gkeighley6g,jcb,3532246507301265
234,geastwell6h,jcb,3585859055430611
235,dchecchi6i,jcb,3546097340983098
236,froantree6j,bankcard,5610813048092891
237,bhateley6k,laser,677116712159806575
238,mmasi6l,jcb,3529031428747829
239,yluddy6m,jcb,3561329667690778
240,tstpierre6n,maestro,6761951656387515090
241,mglabach6o,diners-club-carte-blanche,30057214906053
242,sgerauld6p,jcb,3539137382746034
243,mjarret6q,instapayment,6390913418276209
244,jhallas6r,jcb,3557529126413334
245,gdemichetti6s,jcb,3535812051171086
246,nharbert6t,bankcard,5602226669907307
247,nkrishtopaittis6u,jcb,3575498272263018
248,alygoe6v,diners-club-enroute,201819737630442
249,acasajuana6w,visa-electron,4917229025795666
250,mklampk6x,jcb,3535080551983653
251,sleary6y,maestro,67633276179363957
252,aizon6z,jcb,3579595349542062
253,ccowthard70,instapayment,6370052524450889
254,sdaverin71,switch,491103071633888555
255,vbutten72,jcb,3550918286857728
256,hferrey73,jcb,3543219351493543
257,brenzullo74,maestro,6761662272879548316
258,swain75,jcb,3568920764845019
259,lmountcastle76,americanexpress,371725015798153
260,edavidde77,jcb,3563871517787377
261,ytierny78,jcb,3554390564892213
262,dcaiger79,mastercard,5446419398335672
263,cbryers7a,jcb,3587571028369481
264,mcleever7b,jcb,3555037882384790
265,cboswood7c,switch,491159486770369529
266,aedling7d,maestro,67630005214616837
267,nfosh7e,mastercard,5100146223039982
268,nbirkett7f,visa-electron,4508520200141766
269,tackrill7g,jcb,3534534471383080
270,jtaber7h,switch,6759282040019495704
271,onashe7i,jcb,3579332729801292
272,jmcvitie7j,americanexpress,372301105988093
273,aambrosoni7k,jcb,3540509018621491
274,awittleton7l,jcb,3551430876782059
275,hholburn7m,switch,4911860552073972
276,bburkwood7n,jcb,3537529527898054
277,spetrushkevich7o,diners-club-carte-blanche,30096991394323
278,hstrephan7p,jcb,3571556956183978
279,gdibaudi7q,jcb,3580942509335456
280,cmerill7r,maestro,6761417854846227294
281,atolputt7s,mastercard,5594330626244257
282,pstyche7t,jcb,3570204821834696
283,kbeagan7u,jcb,3553045474395084
284,mcrayker7v,china-unionpay,560223660881790765
285,rgration7w,americanexpress,372301902225657
286,acheves7x,americanexpress,374288702968883
287,dmaxwale7y,jcb,3561210298448465
288,bjaimez7z,jcb,3585939908679919
289,ofoxon80,diners-club-enroute,201693220801160
290,hanstice81,mastercard,5592473089946984
291,ccuseick82,jcb,3532798264205899
292,gybarra83,diners-club-enroute,201427690188570
293,szorener84,maestro,6763404369907769
294,brennard85,solo,6334075131187136
295,bearthfield86,americanexpress,374622115337668
296,fskates87,solo,676754737637116130
297,wausiello88,bankcard,5602212152225092
298,kaylmore89,jcb,3586005692955250
299,ekemery8a,jcb,3566708697389946
300,dknewstub8b,mastercard,5100177718681665
301,tkeher8c,jcb,3574866572552788
302,jhurich8d,jcb,3534725489195611
303,mbuggs8e,jcb,3557133718165566
304,awinfindale8f,china-unionpay,560221165365799532
305,rtomsett8g,diners-club-us-ca,5473145859191694
306,dlebond8h,visa,4041377494190
307,nwildber8i,mastercard,5108750005768122
308,krenney8j,jcb,3535810035990357
309,nneenan8k,jcb,3561218444060365
310,amelody8l,jcb,3579492624928200
311,wdepero8m,visa,4017954548822
312,cdeguara8n,jcb,3537291563371344
313,nslowcock8o,diners-club-carte-blanche,30308279875059
314,cmaclure8p,jcb,3548453141582910
315,jnizet8q,maestro,503819225118197869
316,hsouthcott8r,jcb,3579891087052988
317,mcordeix8s,jcb,3548058763395671
318,kdrennan8t,jcb,3563557585963160
319,mjoselevitz8u,solo,6334599665127210379
320,beggleson8v,mastercard,5002357140911786
321,jrobertucci8w,jcb,3575922918841382
322,bheintzsch8x,jcb,3556898151075156
323,cmarklow8y,maestro,5893817894804084509
324,lferrers8z,diners-club-enroute,201611839021780
325,acoyte90,americanexpress,370009225349151
326,doake91,diners-club-carte-blanche,30561920612145
327,cwhiff92,switch,493681151721829905
328,mcolvine93,mastercard,5108753950442057
329,ldugget94,mastercard,5010121151192680
330,alanchester95,diners-club-international,36417871243105
331,sburris96,mastercard,5048379970982923
332,ayuryaev97,diners-club-enroute,201437280428823
333,msywell98,switch,4936361161299463
334,vhalpin99,americanexpress,372301121838512
335,cbrill9a,mastercard,5569394827426619
336,rbaskett9b,mastercard,5138714759459191
337,bcourtin9c,maestro,06042641544180894
338,csoff9d,visa,4041595167899741
339,gklimontovich9e,laser,67065948120020202
340,regan9f,visa-electron,4175007917419836
341,fhawkyens9g,diners-club-carte-blanche,30425503761002
342,ehallatt9h,visa-electron,4026011607092722
343,gsills9i,switch,4911991225926939859
344,lheyworth9j,jcb,3538942278251069
345,tdellatorre9k,visa,4041599880655
346,eleven9l,mastercard,5100142287157372
347,drivallant9m,jcb,3557608315884289
348,srosbotham9n,mastercard,5002353549742492
349,kfallowes9o,switch,633110335800564515
350,jabraham9p,jcb,3558866910248180
351,ksaturley9q,jcb,3551265279400978
352,ayukhnev9r,laser,63041817651533669
353,bmash9s,maestro,6761227091118252
354,aboggs9t,laser,6771888579586410334
355,nblankhorn9u,jcb,3577837860941386
356,hsallenger9v,jcb,3545971879903936
357,jkusick9w,maestro,675952433403105315
358,gcaberas9x,jcb,3544180397331668
359,bberthouloume9y,jcb,3589651364574940
360,carne9z,jcb,3548412114145063
361,vlaberna0,switch,491192720669249916
362,ccassea1,jcb,3585242891432598
363,ddarya2,visa,4366098000657
364,npitta3,switch,6759405167906545
365,smcleoda4,maestro,6761360608978942733
366,reveresta5,visa,4017952186336421
367,ahembrowa6,jcb,3581400907932589
368,hlebela7,jcb,3550798730159602
369,ahastelowa8,maestro,5018475681258191048
370,ljorckea9,diners-club-carte-blanche,30377819394079
371,mmcinerneyaa,china-unionpay,5602217332813768292
372,tdeliaab,maestro,5038673618756557252
373,bpiattiac,diners-club-us-ca,5458073772034206
374,bpfefflead,jcb,3578870857434692
375,tdrinkhillae,jcb,3580240513643449
376,rgrissaf,instapayment,6379106246645464
377,sdeanesyag,visa,4041590210100
378,pmarcombeah,mastercard,5462559466041782
379,fberstonai,jcb,3580444419435542
380,bglassupaj,jcb,3528682751033806
381,ckordtak,maestro,67615960533073707
382,ymccullockal,china-unionpay,560223742660521643
383,rcolqueteam,jcb,3579441202801743
384,mscracean,diners-club-enroute,201410771583869
385,nchethamao,jcb,3556809171241959
386,ascheffelap,visa-electron,4913188877912338
387,cdarridonaq,jcb,3569130070470598
388,sbestimanar,jcb,3552534528571072
389,hcrambieas,mastercard,5100137350323489
390,ejohnstonat,diners-club-carte-blanche,30006468721551
391,anezeyau,jcb,3561652409206268
392,mwhaplingtonav,china-unionpay,56022517753369817
393,schardaw,jcb,3530003992589207
394,dandreuax,jcb,3540138267730579
395,mbreaay,mastercard,5261906303409180
396,ssnelgroveaz,visa-electron,4508600995555303
397,efredianib0,maestro,5893245699321451
398,ewatersb1,diners-club-us-ca,5427274240721212
399,gwallmanb2,maestro,67635266807880058
400,aambersonb3,jcb,3544422041521173
401,igarlingeb4,jcb,3574230636008875
402,brockhallb5,maestro,6304688865402178
403,atoombsb6,visa,4041375332288884
404,jhaslinb7,jcb,3532442577896850
405,ebrisbaneb8,jcb,3532815387368410
406,rolochanb9,jcb,3575293136642808
407,dsarraba,jcb,3529745005533928
408,iperrenbb,diners-club-enroute,201973663329055
409,bpendlentonbc,mastercard,5205549645445774
410,cmeadowcroftbd,jcb,3585684215473750
411,glanehambe,diners-club-enroute,201413225603580
412,kgritsunovbf,diners-club-enroute,201618845256490
413,bsonleybg,mastercard,5108758577278552
414,crobeconbh,visa-electron,4405443571288286
415,eduetschebi,jcb,3579262038217932
416,wbelshawbj,diners-club-carte-blanche,30531945322590
417,schettoebk,laser,67718433137953266
418,gbutlerbowdonbl,jcb,3550062042827939
419,gralphsbm,solo,6334638553956641
420,nbartolommeobn,mastercard,5220347159815990
421,imcffadenbo,mastercard,5100137655212775
422,lskinnerbp,jcb,3555816007669676
423,falekhovbq,mastercard,5100140403880174
424,dspeddingbr,visa,4322314122085416
425,mkoppensbs,mastercard,5100170714130290
426,ncurrorbt,jcb,3551519690256439
427,ggoslinbu,jcb,3533626876579105
428,kjikyllsbv,diners-club-enroute,201830971868267
429,kshacklefordbw,diners-club-enroute,201642606904544
430,gbisleybx,china-unionpay,5602211258053001084
431,yrodellby,diners-club-carte-blanche,30327675201926
432,blockneybz,diners-club-enroute,201589648253218
433,lcoleiroc0,mastercard,5010121674692968
434,msmissenc1,jcb,3583705185643569
435,jzanassic2,switch,6333396420664739
436,nissacofc3,maestro,6759751339753657
437,mmusicoc4,diners-club-enroute,201980274770361
438,pbrandoc5,diners-club-enroute,201949043015622
439,myushachkovc6,mastercard,5100147074420388
440,pcharnockc7,jcb,3579231339040616
441,jduminic8,jcb,3582621887746553
442,jdoddridgec9,jcb,3575455175313068
443,ggravenellca,jcb,3538413340450808
444,wmangincb,jcb,3531015108729054
445,gricciardicc,jcb,3546287361175217
446,ecollarcd,jcb,3540515119751855
447,vtremellance,jcb,3553644103762555
448,mgettenscf,diners-club-carte-blanche,30303099098883
449,srentalllcg,mastercard,5165395573286725
450,hwinwardch,switch,6333966970630474612
451,cberceveloci,jcb,3582254609934925
452,bflecknellcj,visa,4041375565991
453,phenrionotck,switch,4911321791996628343
454,bbikkercl,jcb,3574754197897087
455,jbushercm,visa-electron,4026623376518396
456,dthorroldcn,maestro,5038827524455729488
457,epiffeco,switch,6331102977538847095
458,emaleckycp,jcb,3559928280438137
459,mdelcastellocq,diners-club-enroute,201520240505234
460,ccovertcr,maestro,6304199532613802936
461,ngregoracecs,visa-electron,4405298592499092
462,ktardiffct,visa-electron,4175003307383740
463,bcarmelcu,jcb,3582008143452103
464,rlutascv,jcb,3565461954080797
465,agaskercw,diners-club-carte-blanche,30347984779248
466,rtraincx,jcb,3554403799187380
467,alightwingcy,jcb,3544087670464340
468,aschruurcz,jcb,3559979093414484
469,wgherardellid0,switch,4911232278484208
470,phirtzmannd1,jcb,3571509011137448
471,mchurmd2,jcb,3582005823214803
472,kwiltond3,visa-electron,4175006130660937
473,tphillimored4,jcb,3555242511466535
474,sheadingsd5,visa,4728732127685
475,cthiemd6,visa-electron,4175006158938447
476,sstannettd7,visa-electron,4917211677535095
477,clumd8,maestro,6304184103461990681
478,sellettd9,jcb,3548651805824490
479,mpinchbeckda,switch,564182283212355629
480,elippiettdb,jcb,3587373173461183
481,cdivedc,diners-club-enroute,201494860167941
482,cbroadbentdd,diners-club-carte-blanche,30567159978974
483,bspellissyde,diners-club-carte-blanche,30411434380013
484,mgozzarddf,visa-electron,4405985883143542
485,zvinckdg,jcb,3538748280638841
486,sdobneydh,diners-club-enroute,201836966005823
487,wliddledi,instapayment,6390582707472009
488,mjaneckidj,jcb,3585409301991204
489,kbettenaydk,switch,5641827059831131
490,bfassamdl,visa-electron,4913363503394413
491,rdmytrykdm,jcb,3554834513709309
492,fkhristyukhindn,jcb,3551627437920181
493,ssuggeydo,visa,4041377459354572
494,mhebnerdp,americanexpress,348510635425472
495,roddiedq,visa-electron,4405251224938979
496,kbayfielddr,laser,630431530750906504
497,cdarlisonds,jcb,3540210125655700
498,dimpletondt,jcb,3542885002918988
499,vdanilishindu,mastercard,5169412910440273
500,droddydv,visa,4710442979416176
