paymentId,txnid,phone_number,service_provider
1,3551711186542790,6054974962,UCash
2,3560657978568775,8944341554,UCash
3,3549550501458844,6149601453,M-cash
4,67069928820262458,7463145884,M-cash
5,3576532076539519,2617045019,Ali pay
6,4913006886430342,5412953543,iPay
7,3537645256130509,7909910364,iPay
8,560221374467745449,9413484013,Ali pay
9,5335653183537183,3765703045,T-cash
10,3584290037999658,1941831247,Sure Cash
11,3579855857978185,3253900920,Ali pay
12,6334187031321459791,8348968919,UCash
13,5010125956867073,6129014442,iPay
14,3556277414464467,4813690469,UCash
15,3580128260571006,9547418692,M-cash
16,3550107681764644,1155207518,iPay
17,4017954607821627,4916052535,M-cash
18,3587096140238588,3831536671,M-cash
19,3570598025166148,9792626027,UCash
20,3561325313239267,1828785255,M-cash
21,6771131075418403055,5059663056,Nagad
22,5306756329342890,3984961552,M-cash
23,6377202074312954,4569615241,Ali pay
24,3551983600137685,2367192057,Rocket
25,3545608048660167,8483425482,Ali pay
26,201539784299517,6748635191,Nagad
27,56100483603063057,8664064340,iPay
28,564182055681721378,6145823889,iPay
29,3574163267812267,6748373666,Ali pay
30,3584075622226314,8176782841,T-cash
31,677104814790120871,8872975684,bKash
32,5602254105871168,3131717020,M-cash
33,5100145715265816,9301206402,Sure Cash
34,374283412084303,7798356069,Sure Cash
35,5458156627275429,4746175695,Nagad
36,4704736840128300,9279524466,M-cash
37,5020023282143491,9662931319,bKash
38,67098769908973979,3255973409,bKash
39,3552771134580754,8078006180,UCash
40,6759723039564510,4693643295,bKash
41,6377786917743672,5692648184,Ali pay
42,3550459331438214,2123896388,Ali pay
43,4026701743810744,9704834440,UCash
44,337941631150215,7309288425,UCash
45,67095683505532364,7956159268,iPay
46,3580319216004156,4246743746,bKash
47,67060735319192776,8267124098,T-cash
48,5100140010063776,8812165100,UCash
49,5450099389826575,6651458811,iPay
50,342369304125517,7285830109,Ali pay
51,3577854543388042,1071290143,Ali pay
52,5100177379642303,4208056176,bKash
53,5585912135086104,2651851032,M-cash
54,633110154460782527,4357114362,T-cash
55,5100174827164741,8874261585,UCash
56,4905285034369103,2208992492,UCash
57,4913851891074605,4277768006,T-cash
58,67595195163467192,2677604960,bKash
59,5100138671913289,3017964993,Sure Cash
60,3549586224657858,7907450099,Ali pay
61,3553622282050943,6765629071,Nagad
62,337941249427476,5886544731,Sure Cash
63,3569488136077371,3517639778,iPay
64,4017959866112,6735013241,iPay
65,3545902940976767,4339876813,UCash
66,4508851759323343,5384430564,Ali pay
67,67060985674968423,2574885342,iPay
68,3576994722977289,1021888280,T-cash
69,30238177948353,3897225959,Sure Cash
70,3535190552691914,9768480992,T-cash
71,5100146102300067,5344428486,Sure Cash
72,3528643767331105,2334219338,iPay
73,3589339035543904,5742614218,UCash
74,3573507480541726,8391473559,iPay
75,490599387263246895,9465359239,iPay
76,3554273997478513,6284043121,Rocket
77,337941329905078,7183921773,Nagad
78,3535460962304378,8778913343,Rocket
79,3589064640910021,1889178412,M-cash
80,374283969204825,5444380487,UCash
81,060432509634871125,1593890979,iPay
82,3541510264055664,5385672309,Nagad
83,3542122576018858,6083429748,Nagad
84,3553787708888620,9153834788,M-cash
85,3560679044020953,4976803333,iPay
86,4936823908234572238,3809721762,UCash
87,4041370297525,5643368891,UCash
88,3576539323208178,6505832241,M-cash
89,3544627573608269,6917433420,M-cash
90,5602225810147235,4196690401,UCash
91,6304279969972280,8485482224,Ali pay
92,6304605241733332,1887305836,T-cash
93,493612093577980032,6502463146,M-cash
94,5602238056715797,8109034812,Rocket
95,3575046866823042,2949245184,Ali pay
96,4913408371668750,9701661388,M-cash
97,6370523756182853,9709576435,T-cash
98,50185883473952498,1974675373,T-cash
99,3549292043406813,7333859636,bKash
100,0604385541873494170,3919591447,M-cash
101,5238855357865286,2897591484,M-cash
102,4026984669045582,4211439282,UCash
103,3550548994701635,8613332387,M-cash
104,374283646757179,8981120874,T-cash
105,337941886156966,3629365809,M-cash
106,5610782056399523056,8228367139,Sure Cash
107,5602256440936168,4648711728,UCash
108,5547970675316023,9258703781,Rocket
109,633110049508460138,7417642361,Sure Cash
110,5602253230570604,8676700299,Sure Cash
111,3561533367130130,9954008261,Sure Cash
112,5231832910516083,9206053578,Rocket
113,6759557074680090377,9401520405,iPay
114,3589869824843222,8838902244,bKash
115,633427528846128513,2187124880,T-cash
116,3579567654165292,8617407611,Ali pay
117,4182498352135063,3111893527,M-cash
118,3553907362606239,3614357290,M-cash
119,6706757528557443075,1635109759,T-cash
120,3547093736674895,7179446529,Ali pay
121,3555221430201595,9776381698,M-cash
122,3537682036436716,2765943923,UCash
123,3549977496206229,8341091586,Ali pay
124,3555265465222844,9072378042,Ali pay
125,561031639207474213,2062863073,M-cash
126,5010123902773982,4109339968,bKash
127,343862868426585,6375007316,M-cash
128,3536872037964045,8291275492,T-cash
129,6372477135720941,3024683304,T-cash
130,3580670059891707,4862450042,bKash
131,6767888938556083638,1031487602,Sure Cash
132,3546138614010018,7326704056,bKash
133,3538491369382052,3565196645,M-cash
134,06047183314730157,6995543279,T-cash
135,3578648315557902,6145679738,Rocket
136,4903808166126883036,5275520860,T-cash
137,502046993086645220,5907094783,Rocket
138,06045353711099140,6138345819,Rocket
139,6763066748272126774,2014256521,Rocket
140,4960342342068380,1369506403,Ali pay
141,676267305129405815,2021348520,M-cash
142,5602216138078509,1765471242,Ali pay
143,30131835829331,8709401398,Nagad
144,5266869337117366,4414538921,iPay
145,201917321378244,5786234811,M-cash
146,5602237458610622,3562235981,Nagad
147,337941977242634,2469305436,Sure Cash
148,5002354264788140,5118582263,Rocket
149,3572357499973754,3646304941,Rocket
150,3551494056618822,4931237820,Nagad
151,6771337492688080,5033007903,iPay
152,3566812419500390,7459010232,bKash
153,5576681841361470,9915129943,UCash
154,3548052950616866,9873913115,Rocket
155,6759645907718569595,6967936992,Ali pay
156,5204521390341707,7979739314,UCash
157,30320497144390,7462571257,iPay
158,6304074838381924,6228635784,Sure Cash
159,30243262429509,2559933015,UCash
160,5100137596890721,5866965290,Nagad
161,3543644965665477,9661118600,UCash
162,30385220746571,8826188868,bKash
163,3577144699912450,2223824684,T-cash
164,36025903848716,6778178396,iPay
165,67714425111832072,5754528378,iPay
166,30086893504277,6638368599,Ali pay
167,5381745142203346,4403072933,UCash
168,4911907420840296,9519626628,iPay
169,4041595939455,9348972964,T-cash
170,3544024542502023,8029333901,M-cash
171,490510909019693686,7814324551,bKash
172,3558998469623842,5809281487,Rocket
173,5602229443831231,1018101158,UCash
174,675926538599026795,9883733050,T-cash
175,3585777442444006,5222745703,Sure Cash
176,3547301220507657,6063742756,Ali pay
177,5010128450065541,6541807510,iPay
178,5100179320879604,6333429695,iPay
179,3561085089062372,1865645343,Sure Cash
180,4041594137416,9018534749,M-cash
181,4844969684909813,5392533593,Nagad
182,5602219841925198,4326629064,iPay
183,30360936548025,2251672671,Nagad
184,3545553877260368,5936037394,T-cash
185,06040015962766371,1968474153,Rocket
186,3549991005972163,1498653999,bKash
187,3552553209804305,9909369209,M-cash
188,6334905684256868484,2358412421,T-cash
189,201960881357620,6016065174,UCash
190,3534935873081042,9359096564,M-cash
191,3534263853994997,4634565592,Sure Cash
192,3585663619667563,3418124710,M-cash
193,201738640791200,4122546637,T-cash
194,3567486642700751,5747424973,M-cash
195,337941548024321,2254309088,M-cash
196,3583397538655993,8311027403,UCash
197,5010128382718969,6328618956,Ali pay
198,630432574238767616,6027811672,M-cash
199,5370055759314136,5826658646,UCash
200,3538664721317483,7037066154,UCash
201,3531754325773285,4059030471,T-cash
202,3576070756041134,1891780482,bKash
203,6370931771825804,1461551146,Ali pay
204,5893477512941507460,3549656064,UCash
205,3557036228303017,3029033038,bKash
206,5602247352879959,6507537216,Sure Cash
207,3544283646666783,1166421884,Ali pay
208,201788510668756,8613971925,Rocket
209,6373323432152207,3467821802,UCash
210,3540897880931357,5653596313,bKash
211,376006878727158,7422537271,iPay
212,50203289615638227,7481789950,Nagad
213,4911244586530441334,8441133435,M-cash
214,3580304457050977,3977262081,Ali pay
215,342827669041215,2833181249,Sure Cash
216,3544934172793678,5879318742,M-cash
217,5602235097871357,3791836729,Nagad
218,3537810635009531,1575701313,UCash
219,3528528679866266,8514689550,Rocket
220,5437749274121015,1102791777,T-cash
221,5100139751004403,6836896478,iPay
222,4917805393570375,3643295275,Ali pay
223,5602228496898857,5362102792,iPay
224,3559583175170707,9618822693,T-cash
225,3571692877546744,6277902502,bKash
226,3583174099569578,7308534375,T-cash
227,633427449429561311,1428403913,Rocket
228,5020588959951203066,4476460254,UCash
229,4405325154623445,8049260958,UCash
230,372301594484794,1896804797,M-cash
231,6372417701312681,1768909852,bKash
232,6304637274892774623,2236569005,Sure Cash
233,3553531299101757,3382950279,UCash
234,493663217698948366,1064803236,Sure Cash
235,3579941316581156,9611159768,Nagad
236,3586484537909964,7681676422,T-cash
237,3528165351894116,6478338971,iPay
238,201406242248967,1829200696,Ali pay
239,3543436292090374,9398113795,iPay
240,5893542166317554605,1463856919,iPay
241,502054455024053379,4573396286,UCash
242,5020390213445901,8195192480,T-cash
243,4760651268505,2064840386,bKash
244,375857217592732,7772634092,UCash
245,30014281069356,5612964234,Ali pay
246,6393323362871400,3481351907,T-cash
247,3551827201975623,6122080506,Rocket
248,3576967211857311,9554251289,M-cash
249,5100131158371170,7784357252,iPay
250,3546934738272959,7768005108,UCash
251,3544377323725787,1925536487,Sure Cash
252,3558021641575283,6149067684,Ali pay
253,5429328708299372,1806957483,bKash
254,3566562665409214,5334267199,M-cash
255,3529221740651276,2908061388,Ali pay
256,3546383493000777,6105143031,Ali pay
257,3549584403888915,6888715192,iPay
258,5100136052016409,3683358388,iPay
259,3570759856534800,6694988780,UCash
260,5100137936223971,8551192895,Nagad
261,3535351371954822,8917600353,Nagad
262,5100172316892376,8599541129,T-cash
263,3539727285152973,4211942029,iPay
264,3555744185458631,2743836422,Sure Cash
265,3530658065291724,8384217328,Sure Cash
266,6381393344017038,3591548043,T-cash
267,374283121030118,3432421533,T-cash
268,3582017585959731,5715001562,UCash
269,5100177166961882,5119025587,iPay
270,374288583391155,7618769556,UCash
271,6334076742313619721,3836920554,iPay
272,5018870626762521686,5822235247,UCash
273,5539176389695617,4057426384,Nagad
274,201431588678353,4928632801,Sure Cash
275,201835997479213,8511471559,bKash
276,3572473182083031,9393910421,Rocket
277,560223615329014061,8269949463,Nagad
278,6333327347669725,2626364444,UCash
279,6709159762713126,4987800451,T-cash
280,3579427985950302,2107300384,bKash
281,63048384160611950,8741141658,M-cash
282,3582929761911460,6135923512,Nagad
283,630402615634074713,1615895960,Sure Cash
284,3529037213997081,5894597297,bKash
285,3586707774750091,9958184787,Rocket
286,4913840033079556,7583870381,M-cash
287,3588454501848736,6271339319,UCash
288,3541896831881579,7791183388,bKash
289,201752047507069,2709793155,bKash
290,5048373269626754,4208559046,M-cash
291,5007661938818573,6179683095,UCash
292,3552440709466092,8952144421,Ali pay
293,3567471607943729,2253450861,bKash
294,3564386997369595,1498066580,iPay
295,5602253677331256302,1877276301,Nagad
296,5010124652373346,4274169559,Rocket
297,374622472871952,6882738871,iPay
298,3551570043425163,9024283974,Sure Cash
299,560222683130527201,7696356888,Nagad
300,372301251089985,4264589852,bKash
301,3561917218247419,2311035835,Ali pay
302,3581161685200041,6746141275,Ali pay
303,56022593470710609,5134987748,Sure Cash
304,3538310592280422,8907453940,T-cash
305,5447742495122035,5381915077,Nagad
306,5602212603903461,9715470167,Nagad
307,3582026488670600,2308250798,T-cash
308,5596065447805229,1314651467,T-cash
309,5102907130615695,4695923298,T-cash
310,3551331764289399,7478057320,M-cash
311,3552195385859156,4202856016,T-cash
312,4313451590455498,6206544136,M-cash
313,3574692068116288,2207440594,T-cash
314,3573228358470019,6956425703,T-cash
315,633431416071184399,4018347395,Nagad
316,201474777998513,7293043516,T-cash
317,3560905666556127,2118356369,UCash
318,4911903630966087724,8049886779,Nagad
319,6763291512239236,8435532469,iPay
320,30290084322818,1596615954,Sure Cash
321,3587492719486825,6819318986,Rocket
322,5893768908926828673,5378958082,iPay
323,3568507353072939,5693269360,Ali pay
324,3539669341537948,6607336188,iPay
325,4074406774417234,4476186470,Nagad
326,376335359188527,9216763083,T-cash
327,374283925507477,3022746535,Nagad
328,3530356489736230,7799000775,T-cash
329,30460888289105,7275671205,bKash
330,3556992819488669,8599802983,Sure Cash
331,201416981433621,4386746306,Ali pay
332,560224757757437239,4897430495,Ali pay
333,30309020373402,5122232711,UCash
334,3588740619552750,6779174141,bKash
335,633430252899267202,6869820621,M-cash
336,63044131504070086,9095757037,Sure Cash
337,6396486607110541,5071750056,Sure Cash
338,5893482682713514003,4074558871,T-cash
339,3557377131143292,9979939181,Sure Cash
340,30171750461777,9535477720,bKash
341,6771667204298640,6584775553,M-cash
342,560223942999252379,4742217655,bKash
343,56022357080063993,1398705128,Nagad
344,501881196362727064,8735348321,T-cash
345,3542783052328788,1886165147,iPay
346,56022414031787087,4641093549,bKash
347,4913112709024310,2599089267,UCash
348,4175003541913765,9647525414,T-cash
349,3562444370604070,8025688536,bKash
350,3553674824916321,1146230137,T-cash
351,5108754141130767,9678876472,UCash
352,4913168334894774,3808796782,Ali pay
353,56022140236933438,4749838154,Ali pay
354,67710431910067922,7416581734,Sure Cash
355,3545094708646210,8534971057,Rocket
356,6334258196350258,5571902813,Ali pay
357,5100143797250988,2872491446,T-cash
358,5602238875013564,1692309356,Rocket
359,3586732658830496,1434909971,Rocket
360,4844035004216139,7025420041,UCash
361,67064746937180701,4879526743,Nagad
362,3528886490108304,4019575042,M-cash
363,3587940480410473,5405514378,Rocket
364,374283958362105,8642446112,iPay
365,4917658005297519,5472322348,T-cash
366,5602239622048451498,7157823429,M-cash
367,3583013191152802,5949077767,Sure Cash
368,30366580476827,4943014336,Sure Cash
369,3551927365847350,6634133188,iPay
370,06040873041456079,8922210787,Nagad
371,201455574480615,5002352987,iPay
372,3580379439170218,9702988904,Ali pay
373,337941351928485,7334668793,UCash
374,201618636651438,8158522328,iPay
375,5610314951701818,4368870972,Sure Cash
376,201963938114804,6138831991,Rocket
377,201476155931685,6134429215,UCash
378,3570707548468754,9132429533,M-cash
379,3581154633312216,2407243809,M-cash
380,337941778983477,9559235312,iPay
381,3553139394253141,5684690864,iPay
382,3536524218066492,4382855893,T-cash
383,3543416353615186,3091441250,Rocket
384,3557890777631388,4602049764,Nagad
385,5018327231381432131,4746023706,Nagad
386,3553299287381779,7197145554,Rocket
387,3561282824746290,7989938298,UCash
388,56022584847480711,7482249103,bKash
389,5007666112512785,2516453764,bKash
390,3546456194415849,4893995663,Rocket
391,670910185989667488,2596173762,Sure Cash
392,5010129067617567,5279094518,M-cash
393,560221186072989075,2326416788,UCash
394,201809192857002,6896225096,iPay
395,3564535081017334,7745688902,M-cash
396,6304881907016218489,2576025839,M-cash
397,3561642038510248,1398720434,Rocket
398,4041594257477476,9004688493,Ali pay
399,201910783123505,1332405113,bKash
400,3578855155961751,4139701296,UCash
401,3557525014621863,2044382818,M-cash
402,560222952528194761,8475939549,Nagad
403,3578608818001220,1381186270,Ali pay
404,3556340787330317,3683777258,UCash
405,3568341839828668,5557784403,T-cash
406,5010129129401133,4585933721,Rocket
407,6370372799445988,2353250312,iPay
408,5602226870191923,8657363233,T-cash
409,374288198020660,5091310881,M-cash
410,378656699836220,5338606833,T-cash
411,3557195962255989,2511553068,T-cash
412,5131204945707817,7991780519,T-cash
413,30444376010306,9168553859,Sure Cash
414,4903907462943191087,5226332057,M-cash
415,4175003615055196,3983018200,Ali pay
416,4569585631377,9112687959,bKash
417,4844967844422180,5224082558,UCash
418,5274175360543407,5628652415,bKash
419,3529317746804321,5178401994,bKash
420,374288025891697,7631131270,M-cash
421,6334208919442858,5711804542,T-cash
422,30452111428501,3486974963,M-cash
423,3550576825322032,3214010646,bKash
424,5002357721402353,9294287165,Nagad
425,3589771648952785,6912631078,Nagad
426,6333812734573712529,5845094103,UCash
427,4911283799337375,6804383236,Sure Cash
428,3560913541388351,9873393535,UCash
429,3560090045443741,7917445073,UCash
430,374288166622810,3992871217,Sure Cash
431,3536296004415890,2404695304,Sure Cash
432,3538895993359080,7894645760,Ali pay
433,6771824164331631851,2596983236,Ali pay
434,6333628477675879846,8037398267,T-cash
435,3567101316660955,9717550713,Rocket
436,30308774370168,2159007239,Rocket
437,3532479646407608,6464875064,Rocket
438,5100131772833464,2453888168,Ali pay
439,4026653453383471,9641837318,Rocket
440,3569636661031672,8441015594,UCash
441,5602218582392949,1763794064,T-cash
442,3571698497854988,8367649678,iPay
443,201499489972266,6476263668,UCash
444,4905827173196757068,2344988382,iPay
445,3571422110131421,3359066286,T-cash
446,3544676546720974,6062510184,Ali pay
447,341582453460961,6542955885,Rocket
448,3586463512449808,5657063404,bKash
449,5602230592285955,6677463039,UCash
450,5602247329357022,7809582263,T-cash
451,201495611217141,7566675059,iPay
452,5154895700280932,5438432415,UCash
453,5100131583735254,2495141902,M-cash
454,30478932420831,4111886144,T-cash
455,67626257341053295,6811569984,M-cash
456,5245856369016059,2546983266,bKash
457,4913176159652276,9709919158,Rocket
458,5007661330135584,1946509536,bKash
459,3532610449261715,8771142818,Rocket
460,6759646348112371685,2731664567,UCash
461,3528616963996301,3703246459,Sure Cash
462,379849543374154,5398125994,M-cash
463,201630579318727,8291214319,bKash
464,5048377001889711,3926535582,Ali pay
465,3547809324505153,8998675456,M-cash
466,5010124910630669,9851993069,Ali pay
467,5007667060180344,6173572017,iPay
468,346854729592546,1935002294,T-cash
469,5602236388424831,5549719018,Nagad
470,3533160982864185,5588732979,Sure Cash
471,3572660471017460,6655651560,Sure Cash
472,3584936146472769,4414871776,Sure Cash
473,30165193350001,4205063219,M-cash
474,4917239508044474,1654676215,iPay
475,3564291545597574,7943350550,T-cash
476,201738963180247,8034901212,Sure Cash
477,3587208371910104,2246513851,UCash
478,3564488288317109,3003943966,Nagad
479,3564257139387532,5058019593,bKash
480,3570374061942218,5562822610,iPay
481,3539285317136290,4591807463,UCash
482,3567192119896334,4855084919,UCash
483,3576072328957177,5504154917,Sure Cash
484,5602220907106236,9266165560,T-cash
485,201692173954174,7071089834,UCash
486,3565574861210479,7596607456,Ali pay
487,6394195170636582,1376717529,Rocket
488,493680717827497697,1777208973,iPay
489,4936616046860189,3229165576,M-cash
490,4175005746358589,6305815314,M-cash
491,5602224530709986,1658461101,T-cash
492,5100176029934458,1481891458,M-cash
493,4405524982785786,3662369195,Ali pay
494,3586189144590491,3626120363,bKash
495,3541890505471460,7848439754,Ali pay
496,5010126997724422,8581238841,Ali pay
497,30557527755188,1829611487,iPay
498,3570849093816761,7837005387,Sure Cash
499,3564488542110209,8997521072,T-cash
500,5602228697558151,8837313770,Sure Cash
501,676285115267320983,5185712786,M-cash
502,201529732906370,1746413368,Nagad
503,372301605106758,5576870182,Nagad
504,3564329691621580,9848837621,Nagad
505,3564409415914501,5865070724,iPay
506,201795994895045,6107288249,Ali pay
507,3538760990004792,3672995354,M-cash
508,3560043819462330,7808691055,T-cash
509,375390964159935,5441683090,Rocket
510,3587097075676164,4895377034,Ali pay
511,3589816363084213,9618940178,Rocket
512,3564823946956916,9793441594,Ali pay
513,30226735778784,3379800319,M-cash
514,3545938487477975,5584944781,iPay
515,201676790451615,8282621580,T-cash
516,0604009303579825660,2849123053,UCash
517,5602240148001210,5734435129,Nagad
518,30127437805646,6254277030,M-cash
519,3547906932265210,3007632443,iPay
520,3537538864706465,2073405895,M-cash
521,201698982553834,6541141195,UCash
522,560225861167294708,2885159294,T-cash
523,3588179604315222,2332003014,Nagad
524,30343649158662,4978919081,UCash
525,3540707338247829,1351643666,Sure Cash
526,3563618941197529,9401229021,Sure Cash
527,676342330972863786,8247446780,Ali pay
528,560222134707949766,3994385887,Ali pay
529,374283798377925,7093435155,iPay
530,3531361305033050,5756534398,M-cash
531,3548367060802143,4371848611,Nagad
532,3549807471633339,7179985981,Ali pay
533,3566507807793819,9242406614,iPay
534,30074219681888,3248073674,Nagad
535,3536958343148835,9837297692,bKash
536,6706497272802424,5351207491,iPay
537,3582737281964848,3804867029,Nagad
538,30015308642943,3029517499,Nagad
539,3581682085339337,7629772658,Ali pay
540,3529019519453761,6748724504,bKash
541,3544182847016832,8323739409,iPay
542,3563711379943348,1389228618,T-cash
543,6389356605753791,8997556916,iPay
544,30210584555154,6916641420,T-cash
545,3585787822701685,8056715837,UCash
546,30279033123294,2382441624,Sure Cash
547,4041599228590,2238795596,T-cash
548,3532551982980933,4487739379,Ali pay
549,201936458456565,9985562302,Nagad
550,4175003583971358,9927153834,bKash
551,3557246957890270,7428032101,Sure Cash
552,6381103812191276,2988037547,T-cash
553,3582601356748330,5986558236,Rocket
554,4041598816756866,2197249356,T-cash
555,3584624853826266,3216608848,T-cash
556,374283359401924,9034669253,Ali pay
557,5108753884031448,7968199647,M-cash
558,3533716235604882,9878100119,Rocket
559,3532293676660824,6356348332,T-cash
560,4911109642313772850,3061417740,UCash
561,6334879242263484068,9377711109,Ali pay
562,490591015688984778,2355062587,Nagad
563,5501756708135868,3025272185,M-cash
564,4041590567816395,4883057673,Nagad
565,372301576834388,9585667992,Nagad
566,3560068782959434,2546365346,Rocket
567,6334267385643975162,8192441042,Sure Cash
568,3589864343919504,8527433917,Sure Cash
569,3538606995411690,2146992770,Rocket
570,201974422063084,4795678124,iPay
571,5602221753864910,2012919649,iPay
572,5010129486505153,3035191969,T-cash
573,3555823401212079,6265762129,Sure Cash
574,6771337552617779388,3764686229,Sure Cash
575,377714518273249,5667902236,iPay
576,30080155270842,6353795736,Ali pay
577,201697042295493,1665377314,Ali pay
578,3588854598424525,5391659195,bKash
579,3575591627114173,6882088538,T-cash
580,3570892052480187,3511185333,Rocket
581,3540259773397578,9705689152,Sure Cash
582,3547916216834466,7672857422,Nagad
583,6376818594602540,4479485169,T-cash
584,3586153188042819,8932314489,bKash
585,5602237050273522,3477742090,Rocket
586,6331105880448512196,9279919107,Ali pay
587,3554228916288930,3502074923,Nagad
588,201799954511501,1561438169,bKash
589,4917314337336860,7223021996,Ali pay
590,3539545952332987,4154680154,Nagad
591,201459917181294,7813116221,iPay
592,3542400672090397,6997008654,Ali pay
593,30557067296122,9812538935,iPay
594,5602241583812061,9402232164,Nagad
595,5641821415556097031,7973044167,T-cash
596,3578335490691249,3939237731,bKash
597,201685525319559,3405314237,iPay
598,3582843458289132,8942712780,Sure Cash
599,3569891421807248,7763074887,iPay
600,5602259088452761,3087478230,T-cash
601,6372070369061064,9807770943,iPay
602,6372232052408610,3674762746,Rocket
603,4508003635490843,5338219919,iPay
604,3579873743283256,6406549756,M-cash
605,3581188509414227,2093140404,T-cash
606,5602216257686925615,9881257679,UCash
607,5442525315382839,2717031403,Nagad
608,3537339313939066,1816460977,Rocket
609,5602211958152617,3299139422,UCash
610,201831101372659,7662874233,Sure Cash
611,3552234283161397,2017545143,T-cash
612,3584809897857092,7825594638,Ali pay
613,3587376696478782,8508054771,M-cash
614,3562514042182729,2976974134,Sure Cash
615,3579558663209346,8019566199,M-cash
616,4903535013444562,1204335403,M-cash
617,3562550792649582,7788922151,Sure Cash
618,30157056331079,8895517501,M-cash
619,3546843095280697,1697827871,iPay
620,589370315400375305,7204172690,T-cash
621,4175000522006957,9324297301,T-cash
622,3586977666529966,1478085159,iPay
623,5104529125147910,8561117898,Rocket
624,6709189606821776926,4998799694,iPay
625,5641825651067971,8092820510,Ali pay
626,50383637547310061,2771373471,bKash
627,3555644354738252,3256088245,Sure Cash
628,3528623742636406,3242748433,Rocket
629,3538005761395031,1419244631,Rocket
630,3536453231912088,9453774742,Nagad
631,3564171701807571,6295705254,Rocket
632,5602234645896552,6033605520,iPay
633,5610233554791598499,6239076182,bKash
634,30281912849833,2847004466,Sure Cash
635,3528358040355371,7257001609,Sure Cash
636,3556115709716185,1182837616,Sure Cash
637,3579441284430270,6669055996,Rocket
638,5610948438277775,3106479558,Ali pay
639,4092040115886977,3154623395,Sure Cash
640,3531246752703372,1599704956,T-cash
641,6304730708398398425,2397536838,T-cash
642,3556488002602885,5333334381,M-cash
643,63042889659391043,7378424492,bKash
644,4844304698732698,8269929778,Sure Cash
645,5602227696192129,1654228011,iPay
646,30284630313736,9071891642,M-cash
647,3537629205218680,4493719255,Rocket
648,30016227348679,5934276434,iPay
649,3565937348500954,8804391319,T-cash
650,67712341047726274,4046204387,Nagad
651,3589341642686340,4391762103,iPay
652,5610138526618110,2448704891,bKash
653,201579317228997,5033623846,bKash
654,4508173660540430,5984714014,M-cash
655,56022193258158319,1035419677,Rocket
656,4844915484013363,9114102937,bKash
657,343563726340469,9613695312,bKash
658,4917682918430397,7516249158,UCash
659,491138580748724744,5649941782,UCash
660,5108755615072245,6429843643,Nagad
661,5893041336527083,1531645439,bKash
662,5048377058055083,7418434127,Ali pay
663,6767882654137356247,1844196264,Rocket
664,4917316444718849,5359707641,iPay
665,3551226721746962,2482452650,bKash
666,5541251482602137,4015245741,Nagad
667,3586679136064976,7782825807,M-cash
668,3562025028230119,5759876663,UCash
669,3554761668025795,7176015205,bKash
670,3529202087020283,2421625269,M-cash
671,201599291432605,9637273853,Nagad
672,50201436465169199,9987369529,T-cash
673,503832449051808331,2103961904,Rocket
674,564182575701018323,7835566646,bKash
675,36328275455825,6747311239,Ali pay
676,560225569677603397,7028778099,Sure Cash
677,3529366428986278,4005235280,Nagad
678,3583350647715695,4037829825,Sure Cash
679,3570810327403222,2502248881,iPay
680,3581915417418647,4961543540,iPay
681,5472777150991561,6329009175,Ali pay
682,3574000614311702,1763558526,T-cash
683,3558890071793321,3656548319,M-cash
684,670679353491049287,4044050375,M-cash
685,3551501872660786,3324942602,Ali pay
686,3579821012634691,2908299921,T-cash
687,3574793568209233,4502397912,Nagad
688,3529120030503033,1986638147,M-cash
689,4041594219516700,1466799279,Sure Cash
690,3589297295313261,6423770343,Nagad
691,3530807433017671,3899657355,bKash
692,340658613554512,8848381870,Nagad
693,3576773808077556,7424735662,T-cash
694,5610009194244072388,6016908297,M-cash
695,36219917761953,1305288426,bKash
696,561019755063719636,3307730829,T-cash
697,3532038971658654,8967384550,Nagad
698,5100173426102870,2948287143,Ali pay
699,3570877166947544,8265519566,T-cash
700,3530771863974647,3371792314,UCash
701,5108758850553812,8491923062,Sure Cash
702,3568982874708420,6388584038,Rocket
703,3569420131772177,9335059832,Sure Cash
704,3556316720539263,7107939549,bKash
705,67625184161966813,8154953797,Ali pay
706,3542453352690804,6595091439,Sure Cash
707,3545021931352654,4029555436,bKash
708,3556689344850039,1626392783,M-cash
709,3551687411170609,8784300650,bKash
710,201662970412742,2877229974,T-cash
711,6304409084440786,5071775486,bKash
712,67592222333169012,4574038659,UCash
713,676179829250895285,4597985387,Ali pay
714,5343664188476988,3326131214,UCash
715,36847894469750,4197701622,T-cash
716,3581509609072757,1492886393,Nagad
717,201839123322073,3593476843,T-cash
718,5602229323807590,1497205063,T-cash
719,3530778006123354,3811345726,UCash
720,3536031731499499,2535269963,UCash
721,30332574331055,5359048837,Sure Cash
722,4917565069941660,6524537255,bKash
723,3537956473101839,8792196470,Rocket
724,4911909614802506786,1717891617,Ali pay
725,3565296043373799,1553961758,T-cash
726,5602257738846044,8117842169,Sure Cash
727,3567941557884115,7157172780,iPay
728,5602235729326564,9318389141,T-cash
729,3549136914843440,5496204907,bKash
730,3551250090707397,8882071045,Sure Cash
731,3560471035966224,5814946842,M-cash
732,3566291659301258,4543616590,Rocket
733,3533716351481974,9344428059,bKash
734,374283974159378,9186105930,Sure Cash
735,3577618551124361,1304335983,M-cash
736,201401423797320,4766006245,iPay
737,3568770630669949,6198229224,Rocket
738,4844503977181374,3133300860,iPay
739,372301033096464,6464046651,UCash
740,06041021182228571,8084726123,M-cash
741,3584539669894136,6494921576,Sure Cash
742,6762612795504023,9025386549,UCash
743,5007663367095467,7723746097,T-cash
744,30193934305308,4298595843,Sure Cash
745,633316499981932586,7099143864,iPay
746,5573473896045312,4576140008,Ali pay
747,337941811443208,2361044369,iPay
748,3532636014176103,6514753719,UCash
749,3581255142111906,4877126096,M-cash
750,3533198141848061,5079673266,Nagad
751,3529084958527202,8909342005,Nagad
752,675974449551610058,8037025662,Sure Cash
753,3561745842840402,5068038436,iPay
754,3577800231457268,7146501637,iPay
755,3531210788675699,6844459709,iPay
756,3533197815702737,9654287693,Rocket
757,3554755201974923,6208960403,M-cash
758,6392750517269091,5988317333,T-cash
759,3536889027497737,1911264291,iPay
760,5610821883047433,7367198938,Nagad
761,3550508864261938,6684662397,Ali pay
762,4508341316818282,1899006930,M-cash
763,36828117059123,8503518481,Sure Cash
764,3557089069549685,6363284529,Sure Cash
765,30347761442051,5849980305,Ali pay
766,3580319697724355,8206215228,Ali pay
767,201539549748543,2923771727,Nagad
768,5391464626586261,4162465362,bKash
769,3540026887774988,3877224283,Ali pay
770,3579318466439115,3481530744,UCash
771,374283858432842,4592476284,iPay
772,3579871902547800,9191224263,iPay
773,3530819202743841,5157296741,bKash
774,374283516335569,6516311959,Nagad
775,5610068772295836,1693689890,Rocket
776,3561394103215812,6913398236,M-cash
777,6394805178944370,6371707202,Nagad
778,6763104002750465,9661044395,UCash
779,3587937118105871,9119010437,bKash
780,4203561450640709,6022852704,bKash
781,3578326376457532,2446689359,M-cash
782,3541356993433792,6529731884,UCash
783,3566314279763416,2064651784,UCash
784,30307585623849,9449019622,M-cash
785,341344120484886,4261752298,Sure Cash
786,3574943644867567,3726239269,Ali pay
787,5288621619205128,9189371242,iPay
788,372301261236873,8447829338,Sure Cash
789,56022577425456764,1098099216,iPay
790,3567575370475253,7912107668,Sure Cash
791,30239893172872,9337949420,iPay
792,5020003907180576114,7345259202,iPay
793,560225810881102556,5436601825,UCash
794,3531644653713385,6208552535,M-cash
795,5602257748101042,4279503446,iPay
796,3560167897116219,2797964682,M-cash
797,5100173885687205,5737154891,T-cash
798,3574636316974527,7502111238,Nagad
799,5610086892849431,7164535869,Ali pay
800,3548896160708602,8612296004,Rocket
801,3579570667873753,9921735051,Sure Cash
802,3538616634906422,7233740591,Ali pay
803,3582861569616761,1739580073,M-cash
804,3558655408924778,5437329013,T-cash
805,5007662115007071,7492421438,T-cash
806,3577582435325877,1068265504,Sure Cash
807,3583761074260908,5857208826,T-cash
808,3569762915661252,1883059162,UCash
809,503837733041212554,5033696733,bKash
810,374622136977393,6136352298,Ali pay
811,4917101801072257,4802785234,Rocket
812,3561448125922910,4825642087,Ali pay
813,5048378523475260,7425566863,Nagad
814,201748311468616,8396670830,Nagad
815,30017669650267,3961852614,UCash
816,6709503369854365484,9658669332,UCash
817,36141945672889,5126990062,bKash
818,3565417372758513,5555804239,M-cash
819,3558759429895148,9602932407,iPay
820,3554522360079096,8008127235,bKash
821,5272828116822804,6573221968,M-cash
822,6304698894412254,5322855975,T-cash
823,6331103779495077172,6681213886,bKash
824,6304414202669038137,7167435263,bKash
825,6762847147665341116,6489877671,Rocket
826,3548356479466954,9412678245,UCash
827,3540007330112513,8145129261,Nagad
828,5108755350244991,2554946996,Ali pay
829,3571543210791119,3056872167,bKash
830,5465840430973939,5417282091,iPay
831,201644610428700,8551937976,iPay
832,501876304630837759,2698585518,Ali pay
833,560223677083397033,8424845863,M-cash
834,374283233103167,4882447624,Rocket
835,3566905757043856,3226998404,iPay
836,5108758229488658,1014269266,bKash
837,5020043195196925770,8641953782,bKash
838,3528855340449234,4128831198,T-cash
839,5166813310592535,7235701691,Rocket
840,3571793759203519,9569920675,M-cash
841,5416116922837639,9194525192,UCash
842,3558676018468485,5573514778,Ali pay
843,3587159888023933,3523061351,UCash
844,3563872375103475,3048330670,T-cash
845,3535124143777221,3814318153,UCash
846,5546305158378235,5076043555,Ali pay
847,4917174114327197,7114627355,UCash
848,370949713004992,6856986852,M-cash
849,3588910464255748,8066639783,UCash
850,5610230154693885,1295667944,M-cash
851,4175007268908833,3611404310,bKash
852,501864437457155709,5435923519,Sure Cash
853,5100138595267374,5936486949,Rocket
854,5610242806356786490,8769624275,T-cash
855,372301429765219,1893131585,iPay
856,3565136525612308,5723967143,Sure Cash
857,3576526946274539,4587057110,Nagad
858,63048678665517574,3095246820,Ali pay
859,6399175369107954,7612205455,Rocket
860,3553353834906438,2735906212,M-cash
861,4041377979731994,2239176381,bKash
862,5445680188851100,1041997584,iPay
863,372868421358789,9884170312,iPay
864,201453151467030,4074349135,Sure Cash
865,3580868172197925,1115133099,Sure Cash
866,3583535269680736,3173596090,iPay
867,3536023537255878,7801064355,Sure Cash
868,201564437042189,3452768994,Sure Cash
869,3553858982795334,6886379418,iPay
870,5602211916034550,2008289887,Nagad
871,5010121867760101,2821197107,T-cash
872,3558619048828799,4509555018,M-cash
873,3545629072340062,2651510977,Ali pay
874,3543116438155527,3723231496,Nagad
875,5602237886145514,5369745242,Nagad
876,6762591090215743,5467919258,UCash
877,3562154884834796,7389854755,bKash
878,6373321682881749,8153831413,Rocket
879,201591265292974,9246848089,Nagad
880,3580808091670131,4694666004,Sure Cash
881,4917639896547782,8646127233,Sure Cash
882,3546101966133473,1751541431,Sure Cash
883,56022509875707966,7626221371,iPay
884,5536113197903662,6563436575,Rocket
885,36204045390719,3688418238,Nagad
886,6771778869781551955,5528727223,Rocket
887,3571473517653152,3005025615,UCash
888,4041374492062171,6514040280,bKash
889,3575736162790180,4314868543,M-cash
890,3576858876523936,1231122128,M-cash
891,201423953629335,1416660123,M-cash
892,3552570540714829,5228911854,Rocket
893,30039426682854,8938414210,bKash
894,3566492959351965,2748632119,UCash
895,36507132266646,6918870847,Sure Cash
896,4913420022055451,4508118829,bKash
897,3564365037924262,5621096556,T-cash
898,3582606894686348,9231203181,Rocket
899,5602247226484846,5062742577,Sure Cash
900,30569685490904,7688836376,T-cash
901,5641825328584460715,4422730422,T-cash
902,3531756441993465,6628956217,Nagad
903,5002350080777028,7646081520,bKash
904,3562994029284864,4919681263,UCash
905,3567302599030318,4249239917,iPay
906,5364898698393200,6649606710,M-cash
907,4913885222801922,8535613344,Ali pay
908,3581655619037692,9976342177,UCash
909,5100148033673927,3242493882,Sure Cash
910,5020428830885958,1067584514,bKash
911,3581387317372706,6052350142,T-cash
912,56022199333642078,5248676406,Sure Cash
913,30530567406301,7366342077,M-cash
914,5641823135056926,5383849709,iPay
915,3570475904258074,5154557552,UCash
916,3545457795930716,4735241775,Sure Cash
917,3572920894400333,2537611313,Rocket
918,670968193507652124,3326742068,Nagad
919,30595022691177,8372166465,iPay
920,3544545495241599,5253271378,Rocket
921,4041598625804,4955085444,UCash
922,6375753768572248,8585794371,Rocket
923,3550296094742063,2344444921,Nagad
924,490524602973327649,6841505479,M-cash
925,3542992003774392,8892819234,Nagad
926,3584837528115838,9686642378,Nagad
927,6374036361816977,4392307517,UCash
928,4508279972252208,5406326761,UCash
929,3562084743039628,7271866866,Ali pay
930,36540807933083,7528253447,Sure Cash
931,3576822729274022,2463958759,UCash
932,5100177302054386,1369249515,M-cash
933,58931252876344127,4107525062,Nagad
934,3536870491430479,6445876805,UCash
935,3548023216976964,8285718494,Rocket
936,3556920464237396,7219122200,bKash
937,4231188117433991,5244320452,bKash
938,5602211503035713,7587688624,T-cash
939,3534347222815858,2327633907,iPay
940,3529754711812238,4041795951,Rocket
941,6397016727468856,5301777733,T-cash
942,4175008788667131,2167933511,M-cash
943,36206117470071,3025034032,M-cash
944,5108754765042819,3042771068,T-cash
945,3565332904913116,9668508202,Rocket
946,4917536439499689,1114331821,M-cash
947,3585569536278709,9518486148,Rocket
948,0604326990065509,2442458529,bKash
949,6331100754492125368,7201172396,iPay
950,3562830016561098,9931779142,Rocket
951,5038287768641027,3232099454,Ali pay
952,5108751654484862,4789873535,iPay
953,6761637857854215,9948737652,Nagad
954,4917475581662028,8118485621,T-cash
955,56022206447753038,4326169905,Nagad
956,3569416646589817,6868319179,bKash
957,50201788860211186,9067508030,iPay
958,5290648408165532,1827607851,Rocket
959,5010125495006274,3755163151,UCash
960,372974068810957,9712375504,Nagad
961,3537678367644845,8271847325,Ali pay
962,5010127939628697,1353953406,M-cash
963,3546766465827104,7393251368,Sure Cash
964,5311540249036938,6587681322,UCash
965,3583789196279985,5163119824,Sure Cash
966,3563370016340747,2751517775,UCash
967,5100171996299001,4265007725,Rocket
968,3547666568193561,1496460498,UCash
969,3550453909740903,2616085970,bKash
970,3557796930967454,8212277066,Ali pay
971,3549507441667397,9348252126,Rocket
972,5602251842320806,4307260527,iPay
973,201816855090797,1392824122,UCash
974,374622581433678,5064192032,bKash
975,5533299412101837,1042173826,Ali pay
976,30454136759902,6001015219,Nagad
977,56022146993346102,2336624556,Sure Cash
978,3528210282664863,9846738462,Sure Cash
979,5100135142529165,3546622387,Sure Cash
980,3574261198190587,4184588392,M-cash
981,3570503314547354,7086926411,Ali pay
982,3558994465411704,1075784686,Sure Cash
983,06045873311134294,4172333525,Ali pay
984,3587500323138556,8063938150,bKash
985,3536675174850855,1516065207,Rocket
986,3564187248088632,3269109014,bKash
987,3558705884313804,7792242983,T-cash
988,3557627511071210,3127958634,M-cash
989,3569247479679155,5669778329,Sure Cash
990,67066564499064231,2208010088,M-cash
991,3575317358589270,4558146916,iPay
992,3589675553810922,3165955312,M-cash
993,201659093139145,6575082329,Nagad
994,3528754448198506,7281053620,Rocket
995,4405878178808947,8932217926,Rocket
996,3561868369366369,1366294185,T-cash
997,4175008149413852,7156946713,M-cash
998,3562826985911785,5293547545,iPay
999,3587305809991167,3818701890,Nagad
1000,5602218826046871,6402521058,bKash
