paymentID,payment_date
1,10/08/2020
2,16/02/2021
3,09/02/2021
4,27/06/2021
5,12/10/2020
6,02/02/2021
7,24/08/2020
8,30/05/2021
9,13/06/2020
10,23/08/2020
11,16/06/2021
12,22/06/2021
13,15/12/2020
14,11/02/2021
15,30/05/2020
16,11/08/2021
17,29/01/2021
18,26/08/2020
19,01/06/2020
20,20/08/2020
21,31/08/2020
22,16/08/2020
23,27/03/2021
24,05/01/2021
25,01/08/2021
26,01/07/2020
27,30/12/2020
28,28/07/2021
29,24/01/2021
30,30/06/2021
31,31/03/2021
32,20/10/2020
33,21/07/2020
34,19/05/2020
35,29/11/2020
36,16/01/2021
37,19/06/2021
38,15/02/2021
39,19/06/2020
40,11/08/2020
41,08/04/2021
42,11/09/2020
43,16/05/2020
44,24/01/2021
45,01/10/2020
46,09/07/2020
47,06/10/2020
48,20/06/2020
49,07/08/2021
50,14/06/2020
51,09/08/2020
52,21/09/2020
53,19/05/2021
54,15/05/2021
55,31/07/2020
56,24/06/2021
57,09/06/2021
58,20/08/2020
59,23/11/2020
60,23/07/2020
61,26/05/2020
62,22/05/2020
63,04/12/2020
64,18/06/2021
65,03/02/2021
66,23/03/2021
67,05/02/2021
68,12/08/2020
69,23/02/2021
70,06/08/2021
71,30/01/2021
72,07/08/2020
73,26/08/2020
74,05/08/2021
75,20/05/2021
76,29/06/2021
77,17/05/2020
78,10/09/2020
79,03/05/2021
80,02/08/2021
81,18/04/2021
82,01/06/2020
83,19/07/2020
84,12/05/2021
85,01/07/2021
86,17/02/2021
87,10/10/2020
88,28/08/2020
89,04/09/2020
90,22/10/2020
91,09/07/2021
92,05/07/2021
93,17/06/2020
94,15/07/2021
95,29/06/2021
96,29/12/2020
97,26/08/2020
98,06/10/2020
99,30/03/2021
100,05/08/2021
101,24/07/2021
102,28/03/2021
103,30/05/2020
104,29/07/2021
105,22/10/2020
106,04/03/2021
107,18/02/2021
108,06/03/2021
109,01/02/2021
110,30/01/2021
111,16/02/2021
112,15/01/2021
113,16/01/2021
114,27/07/2021
115,13/07/2020
116,10/07/2020
117,23/03/2021
118,25/01/2021
119,17/05/2021
120,31/12/2020
121,13/07/2021
122,26/06/2020
123,09/03/2021
124,10/06/2020
125,19/01/2021
126,16/06/2020
127,07/01/2021
128,09/12/2020
129,14/08/2021
130,15/03/2021
131,18/07/2021
132,05/09/2020
133,07/12/2020
134,19/06/2021
135,01/08/2020
136,30/05/2021
137,10/05/2021
138,16/12/2020
139,25/03/2021
140,10/10/2020
141,06/01/2021
142,20/05/2020
143,17/11/2020
144,17/04/2021
145,10/11/2020
146,14/06/2021
147,11/01/2021
148,25/06/2020
149,06/07/2021
150,11/12/2020
151,20/05/2020
152,06/05/2021
153,09/08/2021
154,18/07/2020
155,02/08/2021
156,16/07/2020
157,07/11/2020
158,20/06/2020
159,09/08/2020
160,04/07/2021
161,14/06/2021
162,26/02/2021
163,16/04/2021
164,20/11/2020
165,02/05/2021
166,22/04/2021
167,24/09/2020
168,11/12/2020
169,17/05/2021
170,06/04/2021
171,23/05/2021
172,02/08/2021
173,17/06/2021
174,25/05/2020
175,29/06/2021
176,31/10/2020
177,01/11/2020
178,26/08/2020
179,02/01/2021
180,19/09/2020
181,08/06/2020
182,21/08/2020
183,06/07/2020
184,17/06/2021
185,14/07/2021
186,06/08/2020
187,23/07/2020
188,13/03/2021
189,23/05/2021
190,15/05/2020
191,29/04/2021
192,16/06/2020
193,09/06/2021
194,14/07/2020
195,08/08/2021
196,31/05/2020
197,21/09/2020
198,13/03/2021
199,15/02/2021
200,20/08/2021
201,29/04/2021
202,06/04/2021
203,25/03/2021
204,20/08/2020
205,11/05/2021
206,27/02/2021
207,10/03/2021
208,10/06/2020
209,07/02/2021
210,21/10/2020
211,28/11/2020
212,27/07/2021
213,26/06/2020
214,03/01/2021
215,27/05/2021
216,20/06/2021
217,31/03/2021
218,29/07/2021
219,11/02/2021
220,10/06/2021
221,03/08/2021
222,02/01/2021
223,17/07/2021
224,09/02/2021
225,05/08/2020
226,09/06/2020
227,16/11/2020
228,09/07/2021
229,21/07/2020
230,21/10/2020
231,29/04/2021
232,12/05/2021
233,03/07/2021
234,18/03/2021
235,19/04/2021
236,12/03/2021
237,05/03/2021
238,19/10/2020
239,03/07/2021
240,29/01/2021
241,31/07/2021
242,28/07/2021
243,29/07/2020
244,23/09/2020
245,25/05/2020
246,27/12/2020
247,15/05/2021
248,16/03/2021
249,23/04/2021
250,03/07/2020
251,30/10/2020
252,24/01/2021
253,18/10/2020
254,26/02/2021
255,01/06/2021
256,05/02/2021
257,27/07/2021
258,08/12/2020
259,08/04/2021
260,18/12/2020
261,04/07/2021
262,19/07/2021
263,24/10/2020
264,21/08/2020
265,12/08/2021
266,21/06/2021
267,16/07/2020
268,28/09/2020
269,31/01/2021
270,26/06/2021
271,24/07/2021
272,27/08/2020
273,24/06/2020
274,29/07/2021
275,20/07/2021
276,17/07/2021
277,01/03/2021
278,15/10/2020
279,09/07/2021
280,06/03/2021
281,18/07/2021
282,01/11/2020
283,31/01/2021
284,22/05/2020
285,12/08/2020
286,02/07/2020
287,22/09/2020
288,05/08/2021
289,04/07/2021
290,22/10/2020
291,30/01/2021
292,13/08/2021
293,11/06/2020
294,30/04/2021
295,28/12/2020
296,02/06/2020
297,25/11/2020
298,19/11/2020
299,08/02/2021
300,15/09/2020
301,19/02/2021
302,31/07/2020
303,06/04/2021
304,14/06/2020
305,24/11/2020
306,14/02/2021
307,05/11/2020
308,25/08/2020
309,20/08/2021
310,01/08/2021
311,16/07/2020
312,25/05/2021
313,30/07/2020
314,05/06/2020
315,24/03/2021
316,23/10/2020
317,13/09/2020
318,29/07/2020
319,17/06/2020
320,23/12/2020
321,26/05/2021
322,02/04/2021
323,04/07/2020
324,29/06/2020
325,14/06/2020
326,28/06/2020
327,09/04/2021
328,12/09/2020
329,14/08/2021
330,11/06/2020
331,26/07/2020
332,21/07/2020
333,16/12/2020
334,12/09/2020
335,14/06/2020
336,17/08/2020
337,07/06/2020
338,05/07/2021
339,15/11/2020
340,19/09/2020
341,22/07/2020
342,28/09/2020
343,06/03/2021
344,14/06/2021
345,10/01/2021
346,11/06/2020
347,30/07/2021
348,29/07/2020
349,04/12/2020
350,29/03/2021
351,21/05/2020
352,16/06/2020
353,17/05/2020
354,06/05/2021
355,06/05/2021
356,07/11/2020
357,29/11/2020
358,17/03/2021
359,11/02/2021
360,02/06/2020
361,21/09/2020
362,09/01/2021
363,21/07/2020
364,12/04/2021
365,13/05/2021
366,06/03/2021
367,10/08/2020
368,26/09/2020
369,12/04/2021
370,25/12/2020
371,04/06/2021
372,24/01/2021
373,12/03/2021
374,28/04/2021
375,17/03/2021
376,18/05/2021
377,02/01/2021
378,31/07/2020
379,14/12/2020
380,26/03/2021
381,12/12/2020
382,06/04/2021
383,14/09/2020
384,20/12/2020
385,29/01/2021
386,09/11/2020
387,07/02/2021
388,22/05/2020
389,26/05/2020
390,29/05/2021
391,17/07/2021
392,25/03/2021
393,24/06/2020
394,23/07/2021
395,31/07/2020
396,01/07/2020
397,03/12/2020
398,27/08/2020
399,31/07/2021
400,29/05/2021
401,31/03/2021
402,15/02/2021
403,08/08/2021
404,21/04/2021
405,09/08/2020
406,28/05/2020
407,26/06/2021
408,31/05/2020
409,12/11/2020
410,15/01/2021
411,05/06/2021
412,21/11/2020
413,26/01/2021
414,10/02/2021
415,23/06/2021
416,28/10/2020
417,08/06/2021
418,06/10/2020
419,08/03/2021
420,25/05/2020
421,12/10/2020
422,29/03/2021
423,18/04/2021
424,21/06/2021
425,20/08/2021
426,17/10/2020
427,03/11/2020
428,17/07/2021
429,05/06/2021
430,03/11/2020
431,07/02/2021
432,30/10/2020
433,27/01/2021
434,03/08/2020
435,06/03/2021
436,02/06/2020
437,06/02/2021
438,20/01/2021
439,01/12/2020
440,08/12/2020
441,11/08/2020
442,23/06/2020
443,11/12/2020
444,17/10/2020
445,02/07/2020
446,21/06/2020
447,23/07/2021
448,13/02/2021
449,24/06/2020
450,15/07/2020
451,26/03/2021
452,09/02/2021
453,07/07/2020
454,21/03/2021
455,23/07/2020
456,17/06/2020
457,01/10/2020
458,18/11/2020
459,10/05/2021
460,25/11/2020
461,14/08/2020
462,04/06/2021
463,05/12/2020
464,30/04/2021
465,16/09/2020
466,26/10/2020
467,13/06/2021
468,20/11/2020
469,26/02/2021
470,29/04/2021
471,06/05/2021
472,31/03/2021
473,06/01/2021
474,23/07/2021
475,30/11/2020
476,14/11/2020
477,09/06/2021
478,11/09/2020
479,11/08/2020
480,07/07/2021
481,15/08/2020
482,13/09/2020
483,05/07/2021
484,24/05/2020
485,27/07/2020
486,26/12/2020
487,03/08/2020
488,03/07/2021
489,03/08/2020
490,29/05/2021
491,25/01/2021
492,03/07/2021
493,24/05/2020
494,25/04/2021
495,17/10/2020
496,13/03/2021
497,15/04/2021
498,14/03/2021
499,28/03/2021
500,14/02/2021
