reservationId,date_of_arrival,time_of_arrival,date_of_departure,customerId,paymentId,hotelId
1,17-Mar-2020,16:43,22-Mar-2020,285,270,232
2,02-Oct-2019,6:55,03-Oct-2019,243,165,169
3,21-Jan-2020,14:21,25-Jan-2020,310,361,105
4,22-Oct-2019,6:12,25-Oct-2019,485,431,161
5,06-Apr-2019,11:57,08-Apr-2019,36,205,318
6,11-Mar-2020,17:26,14-Mar-2020,117,2,321
7,25-Jul-2019,9:00,29-Jul-2019,72,423,30
8,14-Jan-2020,17:39,17-Jan-2020,371,44,433
9,09-Aug-2019,18:49,16-Aug-2019,254,224,258
10,23-Dec-2019,11:09,24-Dec-2019,7,435,376
11,11-Jun-2019,12:44,15-Jun-2019,376,159,90
12,15-Jul-2019,9:35,18-Jul-2019,138,144,411
13,26-Mar-2019,16:02,29-Mar-2019,146,285,72
14,27-May-2019,6:32,29-May-2019,23,29,473
15,22-Jul-2019,18:05,28-Jul-2019,360,323,456
16,04-Oct-2019,13:12,06-Oct-2019,288,120,412
17,26-Oct-2019,5:37,30-Oct-2019,21,186,36
18,24-Jan-2020,13:49,27-Jan-2020,253,203,41
19,31-Mar-2019,6:01,02-Apr-2019,432,461,463
20,27-Feb-2020,9:42,29-Feb-2020,404,317,99
21,24-Dec-2019,6:32,25-Dec-2019,239,453,87
22,07-Jun-2019,22:40,08-Jun-2019,419,495,12
23,25-Jul-2019,0:25,26-Jul-2019,369,19,153
24,31-Aug-2019,7:12,07-Sep-2019,48,352,237
25,24-Jun-2019,13:14,28-Jun-2019,164,260,60
26,23-Jan-2020,10:05,29-Jan-2020,402,255,317
27,08-Jan-2020,3:39,14-Jan-2020,257,107,455
28,31-Aug-2019,21:34,02-Sep-2019,264,118,369
29,26-Dec-2019,2:32,28-Dec-2019,155,123,88
30,06-Jun-2019,2:40,07-Jun-2019,84,277,82
31,21-Dec-2019,18:28,23-Dec-2019,323,430,213
32,04-Jan-2020,4:39,05-Jan-2020,152,337,449
33,18-Apr-2019,9:57,21-Apr-2019,356,405,64
34,11-Nov-2019,17:46,15-Nov-2019,364,189,252
35,23-Jun-2019,19:56,29-Jun-2019,101,214,56
36,15-Sep-2019,11:12,19-Sep-2019,405,268,476
37,21-Sep-2019,21:19,22-Sep-2019,335,26,270
38,21-Apr-2019,13:09,24-Apr-2019,150,326,43
39,29-Nov-2019,17:17,30-Nov-2019,38,296,264
40,02-Oct-2019,6:53,07-Oct-2019,323,16,413
41,16-Jan-2020,22:48,23-Jan-2020,71,406,194
42,19-Dec-2019,14:26,26-Dec-2019,381,12,380
43,08-Aug-2019,0:32,10-Aug-2019,171,315,444
44,23-Sep-2019,12:20,30-Sep-2019,44,318,107
45,20-Aug-2019,2:39,22-Aug-2019,142,88,333
46,03-Dec-2019,15:49,05-Dec-2019,363,292,419
47,23-Dec-2019,1:56,26-Dec-2019,414,86,118
48,13-Mar-2020,5:32,18-Mar-2020,412,418,2
49,27-Nov-2019,0:54,03-Dec-2019,496,19,457
50,25-Aug-2019,17:05,01-Sep-2019,342,289,267
51,17-Jan-2020,6:06,24-Jan-2020,313,59,291
52,04-Oct-2019,8:08,10-Oct-2019,284,89,115
53,02-Dec-2019,10:24,04-Dec-2019,317,432,61
54,22-Dec-2019,9:39,29-Dec-2019,353,163,372
55,16-Feb-2020,22:06,18-Feb-2020,408,330,432
56,19-Jan-2020,4:58,26-Jan-2020,239,311,43
57,16-Apr-2019,9:07,22-Apr-2019,183,5,141
58,31-Aug-2019,19:56,01-Sep-2019,49,310,316
59,20-Dec-2019,6:01,25-Dec-2019,351,422,356
60,01-Feb-2020,13:34,02-Feb-2020,12,31,365
61,16-Apr-2019,9:11,22-Apr-2019,128,459,55
62,30-Aug-2019,5:39,06-Sep-2019,96,360,352
63,06-Mar-2020,0:05,11-Mar-2020,243,392,26
64,09-Sep-2019,0:48,13-Sep-2019,238,433,222
65,27-Oct-2019,9:26,28-Oct-2019,118,402,148
66,13-Apr-2019,18:21,18-Apr-2019,2,421,288
67,01-Jan-2020,11:23,07-Jan-2020,375,262,17
68,03-Aug-2019,18:26,06-Aug-2019,471,345,335
69,01-May-2019,0:25,07-May-2019,466,417,106
70,10-Jun-2019,8:02,11-Jun-2019,360,30,246
71,10-Jan-2020,2:18,13-Jan-2020,208,219,357
72,20-Feb-2020,15:39,22-Feb-2020,487,170,233
73,30-Sep-2019,11:39,05-Oct-2019,25,361,265
74,11-Jul-2019,1:46,16-Jul-2019,103,51,449
75,29-Sep-2019,5:35,06-Oct-2019,333,266,441
76,24-May-2019,4:54,25-May-2019,78,156,329
77,14-Aug-2019,11:20,20-Aug-2019,39,61,494
78,10-Sep-2019,8:39,15-Sep-2019,177,142,386
79,07-Mar-2020,22:59,11-Mar-2020,437,238,239
80,11-Oct-2019,2:22,16-Oct-2019,464,5,162
81,18-Feb-2020,15:38,21-Feb-2020,388,326,41
82,17-Dec-2019,20:14,21-Dec-2019,477,52,492
83,16-Mar-2020,4:58,17-Mar-2020,420,293,38
84,06-Apr-2019,23:22,09-Apr-2019,303,312,14
85,22-Nov-2019,1:36,24-Nov-2019,92,260,206
86,18-Mar-2020,14:38,24-Mar-2020,286,284,230
87,15-May-2019,1:32,19-May-2019,209,473,204
88,20-Apr-2019,22:22,27-Apr-2019,393,97,40
89,01-Mar-2020,3:36,07-Mar-2020,245,248,244
90,11-Dec-2019,0:18,14-Dec-2019,271,255,16
91,22-Dec-2019,8:41,24-Dec-2019,100,168,465
92,21-Jun-2019,20:41,27-Jun-2019,195,487,329
93,26-Apr-2019,3:46,03-May-2019,299,432,11
94,13-Jul-2019,12:14,16-Jul-2019,430,324,485
95,26-Apr-2019,21:47,27-Apr-2019,11,177,363
96,02-Sep-2019,7:53,05-Sep-2019,485,188,51
97,30-Sep-2019,20:01,04-Oct-2019,384,84,365
98,23-Jan-2020,2:58,26-Jan-2020,169,148,413
99,18-Apr-2019,20:53,23-Apr-2019,428,162,409
100,25-Aug-2019,8:33,30-Aug-2019,23,188,91
101,21-Sep-2019,5:00,27-Sep-2019,489,89,30
102,12-Mar-2020,13:26,15-Mar-2020,120,208,51
103,23-Aug-2019,5:04,26-Aug-2019,277,464,69
104,22-Feb-2020,6:43,26-Feb-2020,364,53,184
105,07-Jan-2020,16:00,08-Jan-2020,61,1,401
106,19-Apr-2019,14:56,25-Apr-2019,120,423,360
107,26-Aug-2019,11:03,01-Sep-2019,330,341,354
108,01-Mar-2020,23:14,05-Mar-2020,193,156,280
109,21-Dec-2019,19:24,27-Dec-2019,172,96,491
110,19-Feb-2020,4:48,23-Feb-2020,298,361,130
111,31-Jan-2020,9:01,03-Feb-2020,194,73,125
112,05-May-2019,16:30,09-May-2019,311,151,277
113,18-May-2019,16:06,23-May-2019,354,31,466
114,16-Feb-2020,5:09,19-Feb-2020,403,320,387
115,05-Feb-2020,4:32,06-Feb-2020,277,125,178
116,13-Nov-2019,13:33,19-Nov-2019,40,361,278
117,31-May-2019,12:57,03-Jun-2019,169,172,476
118,02-Apr-2019,6:58,09-Apr-2019,53,360,44
119,12-Aug-2019,23:25,13-Aug-2019,97,88,488
120,19-Feb-2020,19:21,20-Feb-2020,109,381,61
121,14-Aug-2019,3:35,15-Aug-2019,260,197,237
122,25-Dec-2019,10:49,01-Jan-2020,373,177,148
123,01-Feb-2020,18:19,03-Feb-2020,157,296,153
124,22-Sep-2019,18:48,23-Sep-2019,66,406,394
125,07-Jun-2019,21:53,10-Jun-2019,475,404,198
126,13-Jul-2019,2:45,18-Jul-2019,289,446,225
127,15-Apr-2019,13:17,21-Apr-2019,55,412,398
128,12-Dec-2019,6:25,19-Dec-2019,203,485,12
129,26-Dec-2019,17:25,30-Dec-2019,4,369,237
130,24-Jul-2019,6:56,26-Jul-2019,450,158,229
131,11-Mar-2020,17:10,14-Mar-2020,478,175,45
132,21-Nov-2019,15:10,27-Nov-2019,358,418,396
133,29-Jan-2020,22:01,04-Feb-2020,489,303,99
134,27-Mar-2019,9:58,03-Apr-2019,310,167,294
135,10-May-2019,12:18,15-May-2019,252,36,382
136,01-Jan-2020,0:30,05-Jan-2020,55,348,75
137,09-Aug-2019,5:05,10-Aug-2019,385,200,385
138,18-Mar-2020,17:52,23-Mar-2020,427,9,88
139,10-Apr-2019,16:53,14-Apr-2019,127,74,85
140,04-Oct-2019,16:55,09-Oct-2019,455,71,442
141,29-Sep-2019,0:03,02-Oct-2019,458,395,171
142,15-Aug-2019,15:00,21-Aug-2019,354,272,454
143,16-Jan-2020,7:19,20-Jan-2020,267,463,455
144,21-Jan-2020,5:57,22-Jan-2020,296,383,195
145,14-Jul-2019,21:38,17-Jul-2019,21,145,254
146,17-Jan-2020,1:02,23-Jan-2020,171,248,91
147,14-Jan-2020,13:27,21-Jan-2020,389,74,250
148,15-Jun-2019,1:16,16-Jun-2019,367,157,33
149,03-Aug-2019,8:36,10-Aug-2019,451,56,118
150,11-Apr-2019,23:38,16-Apr-2019,460,59,44
151,11-Feb-2020,19:13,15-Feb-2020,72,332,332
152,21-Feb-2020,7:22,23-Feb-2020,270,333,276
153,18-Dec-2019,9:51,22-Dec-2019,363,70,465
154,18-Oct-2019,6:02,25-Oct-2019,364,140,475
155,18-May-2019,5:09,25-May-2019,180,61,141
156,16-Oct-2019,17:26,22-Oct-2019,207,128,494
157,24-Jun-2019,0:34,28-Jun-2019,18,67,420
158,09-Feb-2020,22:07,16-Feb-2020,377,282,217
159,23-Jul-2019,16:17,29-Jul-2019,42,298,384
160,15-Dec-2019,8:04,17-Dec-2019,423,102,162
161,04-Dec-2019,5:52,11-Dec-2019,379,255,292
162,24-Oct-2019,10:42,28-Oct-2019,11,361,288
163,26-Nov-2019,18:39,01-Dec-2019,33,273,217
164,15-Jul-2019,5:52,16-Jul-2019,17,441,296
165,30-Apr-2019,15:31,07-May-2019,134,490,12
166,10-May-2019,6:54,12-May-2019,166,97,279
167,29-Feb-2020,11:44,06-Mar-2020,442,247,465
168,11-Aug-2019,19:20,12-Aug-2019,451,454,316
169,15-Mar-2020,12:03,18-Mar-2020,428,67,63
170,30-Mar-2019,22:33,04-Apr-2019,266,287,177
171,03-Jan-2020,13:24,06-Jan-2020,418,237,208
172,17-Jun-2019,0:10,22-Jun-2019,369,133,308
173,15-Mar-2020,7:35,17-Mar-2020,327,74,248
174,19-Sep-2019,22:13,21-Sep-2019,172,403,44
175,17-Sep-2019,22:05,22-Sep-2019,481,291,340
176,03-Oct-2019,3:52,07-Oct-2019,445,385,480
177,17-Nov-2019,3:08,24-Nov-2019,282,372,410
178,20-Nov-2019,13:49,23-Nov-2019,294,97,249
179,10-Apr-2019,2:42,15-Apr-2019,463,378,385
180,01-Jan-2020,7:19,07-Jan-2020,323,3,36
181,23-Aug-2019,23:40,29-Aug-2019,104,106,324
182,21-Nov-2019,16:53,25-Nov-2019,118,492,1
183,17-Sep-2019,14:00,24-Sep-2019,246,362,446
184,23-Feb-2020,18:51,26-Feb-2020,138,68,160
185,07-May-2019,0:05,08-May-2019,66,421,430
186,15-Aug-2019,18:03,19-Aug-2019,84,164,91
187,09-Jul-2019,10:29,16-Jul-2019,258,363,190
188,02-Dec-2019,7:02,08-Dec-2019,411,326,375
189,24-Feb-2020,23:08,01-Mar-2020,275,31,82
190,03-Feb-2020,14:21,06-Feb-2020,419,59,488
191,19-Sep-2019,11:18,24-Sep-2019,443,466,293
192,30-Jan-2020,11:34,31-Jan-2020,436,52,403
193,28-Dec-2019,14:50,30-Dec-2019,382,80,360
194,01-Jul-2019,12:19,06-Jul-2019,397,375,265
195,03-Jun-2019,4:25,10-Jun-2019,168,353,415
196,16-Dec-2019,7:29,23-Dec-2019,72,300,8
197,09-Aug-2019,7:01,16-Aug-2019,157,176,102
198,17-Aug-2019,12:19,19-Aug-2019,191,382,259
199,15-Oct-2019,19:47,22-Oct-2019,401,147,439
200,21-Apr-2019,9:50,24-Apr-2019,480,1,207
201,14-Jun-2019,13:34,20-Jun-2019,391,426,17
202,27-Oct-2019,15:14,01-Nov-2019,313,136,192
203,03-Nov-2019,21:13,04-Nov-2019,266,325,182
204,30-May-2019,23:01,31-May-2019,478,112,214
205,17-May-2019,4:38,24-May-2019,98,142,281
206,17-Aug-2019,12:01,18-Aug-2019,50,67,179
207,09-Mar-2020,17:53,11-Mar-2020,447,409,99
208,05-Jun-2019,20:30,11-Jun-2019,97,230,119
209,08-Jun-2019,22:43,11-Jun-2019,76,191,459
210,24-Nov-2019,15:10,30-Nov-2019,331,264,258
211,25-Aug-2019,9:48,31-Aug-2019,412,340,493
212,24-Nov-2019,4:03,25-Nov-2019,408,308,324
213,28-Aug-2019,8:12,01-Sep-2019,393,459,293
214,07-Jun-2019,4:04,08-Jun-2019,173,463,380
215,15-Mar-2020,4:40,22-Mar-2020,372,77,189
216,16-Nov-2019,9:04,20-Nov-2019,31,104,130
217,25-Apr-2019,18:08,02-May-2019,295,85,340
218,10-May-2019,13:50,15-May-2019,5,453,459
219,01-Jul-2019,6:43,02-Jul-2019,408,109,52
220,10-Apr-2019,6:41,16-Apr-2019,249,75,453
221,21-Nov-2019,17:13,25-Nov-2019,128,426,146
222,18-May-2019,15:49,25-May-2019,328,290,212
223,03-Feb-2020,4:16,04-Feb-2020,227,154,246
224,02-Sep-2019,1:19,05-Sep-2019,460,255,439
225,30-Jul-2019,4:16,03-Aug-2019,272,486,440
226,16-Jan-2020,10:00,19-Jan-2020,303,440,146
227,17-May-2019,11:31,24-May-2019,214,25,428
228,17-May-2019,18:29,18-May-2019,282,240,285
229,10-Mar-2020,0:57,11-Mar-2020,334,147,174
230,25-Sep-2019,23:10,01-Oct-2019,420,221,12
231,26-Nov-2019,17:06,02-Dec-2019,390,196,488
232,01-May-2019,11:38,02-May-2019,492,136,115
233,21-Jul-2019,2:40,27-Jul-2019,349,146,478
234,14-Jul-2019,2:21,18-Jul-2019,465,420,46
235,27-Jun-2019,22:00,29-Jun-2019,369,31,406
236,26-Feb-2020,9:49,01-Mar-2020,114,56,452
237,01-Aug-2019,9:21,04-Aug-2019,384,488,263
238,14-Feb-2020,7:55,16-Feb-2020,172,327,154
239,02-Aug-2019,17:36,08-Aug-2019,439,40,360
240,23-Nov-2019,19:21,27-Nov-2019,257,280,205
241,28-Oct-2019,5:39,29-Oct-2019,461,298,369
242,15-Apr-2019,15:23,21-Apr-2019,423,31,7
243,01-Dec-2019,22:05,07-Dec-2019,95,153,195
244,18-Nov-2019,18:06,21-Nov-2019,351,118,447
245,01-Feb-2020,8:16,03-Feb-2020,168,232,498
246,09-Jan-2020,7:00,10-Jan-2020,464,407,149
247,05-Dec-2019,17:10,12-Dec-2019,320,231,415
248,30-Jul-2019,6:56,06-Aug-2019,167,261,390
249,02-Aug-2019,21:13,09-Aug-2019,494,338,167
250,23-Aug-2019,13:02,24-Aug-2019,11,92,197
251,19-Jul-2019,19:58,24-Jul-2019,447,242,191
252,05-Jul-2019,7:55,07-Jul-2019,12,281,261
253,13-Jan-2020,9:11,15-Jan-2020,296,229,50
254,31-Jan-2020,14:17,05-Feb-2020,391,41,87
255,05-Jun-2019,9:15,09-Jun-2019,306,445,55
256,12-Apr-2019,22:23,17-Apr-2019,50,457,232
257,27-Aug-2019,22:50,03-Sep-2019,322,120,475
258,01-Nov-2019,2:30,07-Nov-2019,410,120,133
259,22-Aug-2019,10:23,23-Aug-2019,391,135,277
260,06-Oct-2019,20:26,10-Oct-2019,288,203,187
261,02-Nov-2019,14:29,07-Nov-2019,284,309,453
262,06-Aug-2019,13:50,07-Aug-2019,278,310,87
263,06-Sep-2019,14:26,08-Sep-2019,243,199,393
264,16-Feb-2020,2:24,23-Feb-2020,419,348,189
265,03-Aug-2019,11:24,08-Aug-2019,430,433,191
266,12-Apr-2019,4:20,14-Apr-2019,64,74,391
267,22-Dec-2019,5:08,26-Dec-2019,248,71,102
268,13-Oct-2019,22:31,15-Oct-2019,214,480,332
269,29-Jul-2019,10:03,04-Aug-2019,238,260,4
270,07-Apr-2019,10:50,13-Apr-2019,131,22,141
271,16-Jan-2020,7:42,22-Jan-2020,311,198,347
272,10-Feb-2020,3:54,12-Feb-2020,401,435,94
273,09-Mar-2020,6:16,14-Mar-2020,338,241,251
274,21-May-2019,2:07,22-May-2019,246,168,127
275,04-Oct-2019,23:42,06-Oct-2019,242,75,214
276,24-Dec-2019,9:31,25-Dec-2019,243,301,158
277,26-Feb-2020,0:58,28-Feb-2020,9,9,64
278,02-Feb-2020,9:21,03-Feb-2020,36,106,494
279,31-Oct-2019,4:41,06-Nov-2019,338,454,499
280,13-Feb-2020,9:08,19-Feb-2020,424,181,83
281,29-Aug-2019,11:12,31-Aug-2019,53,431,228
282,16-Dec-2019,9:38,23-Dec-2019,162,281,288
283,31-Oct-2019,0:49,02-Nov-2019,364,139,380
284,16-Nov-2019,18:51,20-Nov-2019,404,418,121
285,21-Apr-2019,18:11,26-Apr-2019,316,213,386
286,12-Feb-2020,9:00,19-Feb-2020,115,91,256
287,06-Jul-2019,19:30,09-Jul-2019,190,388,317
288,19-Jun-2019,5:19,23-Jun-2019,11,401,219
289,16-Jun-2019,13:36,20-Jun-2019,31,184,297
290,19-Jan-2020,19:09,22-Jan-2020,165,109,176
291,13-Nov-2019,18:38,15-Nov-2019,274,488,245
292,27-Dec-2019,17:49,31-Dec-2019,49,392,42
293,25-Sep-2019,18:17,30-Sep-2019,442,175,331
294,15-Dec-2019,20:14,20-Dec-2019,273,459,381
295,12-Nov-2019,4:21,16-Nov-2019,147,403,141
296,04-May-2019,23:31,07-May-2019,113,236,478
297,07-Jun-2019,1:51,09-Jun-2019,135,269,162
298,04-Mar-2020,19:54,10-Mar-2020,165,125,74
299,25-Dec-2019,12:54,31-Dec-2019,349,371,455
300,29-Jul-2019,1:15,30-Jul-2019,238,152,175
301,23-Feb-2020,21:10,27-Feb-2020,404,426,461
302,13-Jul-2019,13:43,14-Jul-2019,402,331,73
303,31-Dec-2019,14:38,03-Jan-2020,408,210,148
304,20-Jun-2019,14:30,21-Jun-2019,238,410,487
305,25-Jun-2019,13:28,29-Jun-2019,326,489,278
306,19-Oct-2019,12:25,24-Oct-2019,394,329,243
307,03-Nov-2019,8:05,08-Nov-2019,55,483,337
308,16-Jan-2020,15:33,21-Jan-2020,43,399,131
309,20-Oct-2019,3:09,21-Oct-2019,36,401,137
310,05-Sep-2019,4:00,08-Sep-2019,53,437,236
311,28-Jan-2020,6:30,01-Feb-2020,396,308,173
312,29-Oct-2019,13:56,02-Nov-2019,168,45,229
313,23-Nov-2019,10:24,26-Nov-2019,289,173,449
314,02-May-2019,16:59,05-May-2019,387,209,175
315,22-May-2019,11:55,28-May-2019,291,88,273
316,15-Sep-2019,2:04,16-Sep-2019,463,190,250
317,22-Jun-2019,23:16,25-Jun-2019,150,373,483
318,08-Feb-2020,5:21,13-Feb-2020,3,316,466
319,26-May-2019,3:00,28-May-2019,186,189,393
320,02-Jul-2019,17:21,06-Jul-2019,312,58,100
321,29-Oct-2019,12:11,31-Oct-2019,189,419,228
322,11-Jun-2019,2:29,16-Jun-2019,155,103,56
323,01-Aug-2019,23:23,02-Aug-2019,280,47,158
324,16-Feb-2020,3:46,22-Feb-2020,406,13,111
325,23-Nov-2019,14:41,28-Nov-2019,68,217,488
326,14-Jul-2019,20:05,20-Jul-2019,308,425,331
327,15-Nov-2019,2:59,16-Nov-2019,293,474,105
328,29-Jul-2019,16:10,05-Aug-2019,454,478,358
329,27-Mar-2019,7:45,29-Mar-2019,166,202,431
330,24-May-2019,13:28,31-May-2019,350,451,327
331,09-Oct-2019,17:50,16-Oct-2019,87,335,347
332,02-Oct-2019,1:54,04-Oct-2019,43,312,115
333,25-Apr-2019,14:58,02-May-2019,344,375,485
334,13-Feb-2020,11:55,18-Feb-2020,128,385,73
335,16-Jul-2019,11:30,21-Jul-2019,69,11,31
336,14-Aug-2019,6:11,20-Aug-2019,466,154,245
337,26-Sep-2019,11:46,01-Oct-2019,377,54,360
338,15-Mar-2020,15:57,21-Mar-2020,289,411,40
339,01-Jan-2020,5:39,04-Jan-2020,346,203,35
340,06-Nov-2019,5:56,07-Nov-2019,32,15,36
341,29-Sep-2019,8:40,02-Oct-2019,201,425,377
342,25-Jun-2019,18:28,28-Jun-2019,473,175,205
343,31-Jul-2019,14:54,05-Aug-2019,292,114,362
344,30-Apr-2019,20:33,05-May-2019,272,459,66
345,25-Jun-2019,20:51,30-Jun-2019,337,162,112
346,28-Oct-2019,20:41,01-Nov-2019,362,398,85
347,16-Jun-2019,13:11,19-Jun-2019,129,96,378
348,23-Aug-2019,8:35,27-Aug-2019,313,42,64
349,08-Sep-2019,13:08,09-Sep-2019,383,90,302
350,04-Jan-2020,6:57,05-Jan-2020,343,386,498
351,04-Oct-2019,20:30,09-Oct-2019,236,20,271
352,26-Jan-2020,20:50,29-Jan-2020,192,495,236
353,04-Dec-2019,21:29,11-Dec-2019,57,457,413
354,12-Oct-2019,14:16,17-Oct-2019,220,154,90
355,04-Feb-2020,17:42,06-Feb-2020,302,164,34
356,03-Dec-2019,10:49,10-Dec-2019,304,352,261
357,22-Jul-2019,18:26,26-Jul-2019,306,40,198
358,16-Feb-2020,2:22,19-Feb-2020,88,487,251
359,23-Mar-2019,16:13,27-Mar-2019,83,497,248
360,21-Jan-2020,14:14,23-Jan-2020,269,496,194
361,09-Apr-2019,15:29,14-Apr-2019,357,176,462
362,23-Feb-2020,4:24,26-Feb-2020,406,196,331
363,08-Jun-2019,9:22,12-Jun-2019,321,498,393
364,01-May-2019,21:05,05-May-2019,335,147,146
365,26-Aug-2019,17:03,01-Sep-2019,33,40,347
366,02-Jul-2019,3:53,08-Jul-2019,60,290,396
367,14-Sep-2019,16:17,17-Sep-2019,330,304,398
368,28-Jul-2019,17:19,30-Jul-2019,52,29,408
369,22-Sep-2019,9:01,27-Sep-2019,353,209,354
370,12-Mar-2020,1:55,19-Mar-2020,421,26,456
371,24-May-2019,13:15,28-May-2019,2,213,127
372,28-Dec-2019,8:52,02-Jan-2020,394,21,479
373,26-Oct-2019,11:47,31-Oct-2019,51,264,171
374,12-Mar-2020,10:20,16-Mar-2020,176,60,490
375,05-Jul-2019,9:32,08-Jul-2019,310,187,201
376,26-May-2019,0:01,29-May-2019,442,79,128
377,26-Aug-2019,18:26,02-Sep-2019,404,448,30
378,30-Dec-2019,16:30,06-Jan-2020,292,300,382
379,29-Mar-2019,17:59,04-Apr-2019,416,28,248
380,22-Jan-2020,21:57,23-Jan-2020,268,308,70
381,06-Sep-2019,9:08,10-Sep-2019,182,129,414
382,20-Jan-2020,8:47,25-Jan-2020,167,324,65
383,23-Jun-2019,15:01,26-Jun-2019,227,478,164
384,17-Oct-2019,14:30,21-Oct-2019,299,211,453
385,16-May-2019,0:42,22-May-2019,405,198,395
386,31-Aug-2019,9:28,05-Sep-2019,389,116,387
387,09-Sep-2019,10:10,11-Sep-2019,293,235,231
388,07-Dec-2019,16:53,14-Dec-2019,443,319,49
389,18-Nov-2019,11:58,22-Nov-2019,489,308,306
390,15-Nov-2019,0:03,16-Nov-2019,278,427,482
391,13-Dec-2019,21:11,18-Dec-2019,495,218,227
392,01-Aug-2019,12:37,02-Aug-2019,320,68,476
393,14-Jan-2020,6:56,17-Jan-2020,231,202,466
394,01-Mar-2020,0:12,07-Mar-2020,198,377,335
395,10-Jul-2019,23:22,17-Jul-2019,249,374,149
396,10-Jun-2019,3:17,13-Jun-2019,7,442,22
397,25-Apr-2019,22:32,26-Apr-2019,367,463,454
398,10-Dec-2019,6:52,16-Dec-2019,166,390,220
399,07-Aug-2019,23:41,10-Aug-2019,215,418,155
400,22-Dec-2019,23:33,27-Dec-2019,329,483,490
401,28-Dec-2019,10:39,04-Jan-2020,38,484,214
402,28-Mar-2019,20:20,03-Apr-2019,310,380,442
403,08-Oct-2019,7:28,12-Oct-2019,214,287,426
404,28-Jan-2020,19:50,04-Feb-2020,121,446,170
405,13-Sep-2019,5:16,15-Sep-2019,209,400,198
406,23-Sep-2019,2:14,30-Sep-2019,181,385,72
407,10-May-2019,3:10,14-May-2019,230,78,90
408,15-Apr-2019,18:10,20-Apr-2019,456,15,318
409,23-Jan-2020,8:53,30-Jan-2020,485,148,281
410,31-May-2019,9:24,05-Jun-2019,110,373,33
411,10-Mar-2020,6:03,13-Mar-2020,83,155,333
412,23-Sep-2019,6:50,29-Sep-2019,23,244,348
413,14-Dec-2019,16:28,17-Dec-2019,345,187,234
414,30-Jan-2020,6:52,04-Feb-2020,293,497,218
415,23-Aug-2019,9:20,24-Aug-2019,368,223,405
416,18-May-2019,8:21,24-May-2019,2,405,134
417,21-Jul-2019,10:12,26-Jul-2019,92,165,247
418,14-Dec-2019,10:47,21-Dec-2019,177,315,354
419,13-Nov-2019,3:42,19-Nov-2019,416,47,293
420,03-Apr-2019,11:13,08-Apr-2019,4,437,384
421,14-May-2019,13:16,15-May-2019,318,143,191
422,09-Oct-2019,0:54,11-Oct-2019,172,237,370
423,14-Feb-2020,2:19,15-Feb-2020,208,319,483
424,17-Feb-2020,1:41,19-Feb-2020,147,160,63
425,15-Jun-2019,16:39,21-Jun-2019,327,450,408
426,21-Feb-2020,7:03,23-Feb-2020,425,227,10
427,21-Oct-2019,3:28,24-Oct-2019,54,113,148
428,25-Apr-2019,0:33,26-Apr-2019,473,217,238
429,03-Dec-2019,18:36,10-Dec-2019,87,232,373
430,12-Dec-2019,18:49,18-Dec-2019,304,405,343
431,05-Mar-2020,1:24,08-Mar-2020,294,131,369
432,14-Jul-2019,13:41,21-Jul-2019,182,351,287
433,02-Nov-2019,21:41,09-Nov-2019,422,227,284
434,08-Apr-2019,22:58,09-Apr-2019,53,249,311
435,22-Oct-2019,1:06,25-Oct-2019,82,188,105
436,28-Jan-2020,2:17,30-Jan-2020,79,379,354
437,29-Apr-2019,3:19,01-May-2019,6,253,210
438,13-Jun-2019,10:57,19-Jun-2019,228,106,119
439,14-Jan-2020,14:19,21-Jan-2020,29,62,241
440,11-Sep-2019,21:46,13-Sep-2019,377,162,389
441,14-Feb-2020,18:50,17-Feb-2020,214,357,52
442,16-Sep-2019,17:25,23-Sep-2019,273,462,437
443,14-Nov-2019,18:37,20-Nov-2019,391,164,162
444,10-Apr-2019,13:46,11-Apr-2019,476,451,1
445,20-Dec-2019,1:55,21-Dec-2019,252,78,165
446,11-May-2019,4:20,14-May-2019,33,152,277
447,21-Oct-2019,12:20,22-Oct-2019,496,403,482
448,20-Jun-2019,13:28,22-Jun-2019,270,95,150
449,15-Mar-2020,15:24,21-Mar-2020,64,266,26
450,14-Nov-2019,16:35,18-Nov-2019,385,250,213
451,23-Jun-2019,16:21,29-Jun-2019,67,280,199
452,14-Jul-2019,6:30,18-Jul-2019,140,189,109
453,04-May-2019,23:50,09-May-2019,301,226,88
454,08-Sep-2019,16:33,11-Sep-2019,30,285,237
455,17-Jul-2019,4:16,20-Jul-2019,23,61,282
456,15-Feb-2020,6:09,16-Feb-2020,133,408,31
457,06-Nov-2019,8:25,11-Nov-2019,469,107,171
458,24-Jan-2020,12:13,30-Jan-2020,125,231,178
459,09-Sep-2019,17:37,16-Sep-2019,270,148,68
460,03-Dec-2019,6:51,05-Dec-2019,6,457,387
461,07-Jan-2020,10:21,08-Jan-2020,183,203,296
462,13-Mar-2020,5:03,19-Mar-2020,497,36,351
463,23-Mar-2019,4:07,24-Mar-2019,124,491,91
464,03-Dec-2019,1:59,09-Dec-2019,268,46,32
465,18-May-2019,15:15,25-May-2019,25,98,480
466,21-Dec-2019,12:07,25-Dec-2019,82,178,499
467,28-Dec-2019,3:48,02-Jan-2020,6,35,130
468,06-Dec-2019,0:46,11-Dec-2019,237,101,57
469,12-Jun-2019,2:25,16-Jun-2019,302,157,202
470,29-Nov-2019,7:46,30-Nov-2019,233,229,102
471,19-Oct-2019,15:03,23-Oct-2019,30,251,62
472,19-Dec-2019,13:40,26-Dec-2019,388,436,7
473,10-Dec-2019,7:44,11-Dec-2019,293,410,202
474,13-Mar-2020,14:02,16-Mar-2020,55,59,95
475,28-Dec-2019,9:13,29-Dec-2019,198,250,300
476,19-Jan-2020,2:30,22-Jan-2020,72,139,238
477,14-Apr-2019,6:53,15-Apr-2019,420,323,41
478,25-Oct-2019,19:24,28-Oct-2019,9,367,222
479,10-Sep-2019,11:31,15-Sep-2019,413,228,117
480,19-Feb-2020,18:41,23-Feb-2020,230,276,481
481,15-Oct-2019,18:23,16-Oct-2019,204,349,332
482,24-Apr-2019,1:43,25-Apr-2019,90,102,11
483,18-May-2019,2:11,25-May-2019,301,174,312
484,20-Mar-2020,3:30,21-Mar-2020,154,94,18
485,24-Jul-2019,6:02,31-Jul-2019,270,334,149
486,06-Apr-2019,7:28,11-Apr-2019,260,199,339
487,12-Nov-2019,1:16,13-Nov-2019,13,374,490
488,29-Oct-2019,13:14,30-Oct-2019,121,294,40
489,23-Oct-2019,14:11,30-Oct-2019,67,152,495
490,01-Feb-2020,0:36,06-Feb-2020,190,171,495
491,14-Nov-2019,1:50,18-Nov-2019,215,381,152
492,19-Nov-2019,19:43,26-Nov-2019,444,84,304
493,09-Oct-2019,19:44,14-Oct-2019,353,283,384
494,25-Dec-2019,11:47,27-Dec-2019,380,54,47
495,08-Dec-2019,6:16,12-Dec-2019,134,170,58
496,23-Feb-2020,7:06,01-Mar-2020,149,32,134
497,17-Oct-2019,0:13,21-Oct-2019,489,172,468
498,27-Jun-2019,13:01,01-Jul-2019,409,53,209
499,23-Aug-2019,6:48,30-Aug-2019,256,361,250
500,16-Feb-2020,23:57,21-Feb-2020,416,433,416
