serviceId,service_date,time,reservationId
1,09-Mar-2020,4:42 AM,409
2,09-Oct-2019,7:32 PM,79
3,30-Jul-2019,4:37 PM,448
4,21-Sep-2019,1:43 PM,117
5,04-Dec-2019,2:24 PM,136
6,29-Nov-2019,2:23 AM,246
7,31-Oct-2019,3:56 AM,118
8,03-Sep-2019,11:06 PM,490
9,18-Dec-2019,1:09 PM,156
10,10-Mar-2020,2:30 AM,4
11,09-Aug-2019,4:26 AM,340
12,21-Nov-2019,8:04 AM,162
13,09-Feb-2020,8:23 PM,342
14,28-Aug-2019,8:06 PM,270
15,13-Jan-2020,1:00 PM,252
16,07-Aug-2019,9:55 PM,170
17,19-Mar-2020,2:58 AM,261
18,01-Mar-2020,12:47 PM,226
19,21-Jun-2019,11:10 PM,456
20,18-Sep-2019,10:23 AM,437
21,23-Aug-2019,12:07 AM,120
22,01-Jun-2019,7:08 PM,42
23,18-May-2019,4:38 AM,469
24,21-Nov-2019,6:31 PM,134
25,11-Nov-2019,7:44 PM,345
26,23-Sep-2019,1:47 PM,190
27,19-Sep-2019,4:48 AM,364
28,03-Sep-2019,7:52 AM,382
29,17-Jan-2020,4:06 AM,361
30,09-Dec-2019,4:34 AM,480
31,28-Jun-2019,9:39 AM,455
32,08-Nov-2019,4:37 PM,241
33,03-Jan-2020,12:49 PM,186
34,04-Sep-2019,8:10 PM,320
35,05-Feb-2020,5:06 AM,101
36,14-Jan-2020,6:51 AM,284
37,20-Feb-2020,6:27 PM,104
38,11-Jun-2019,10:59 AM,224
39,23-Apr-2019,8:40 AM,470
40,23-Jan-2020,2:32 AM,192
41,12-Aug-2019,2:51 AM,80
42,18-Sep-2019,11:53 PM,76
43,28-Nov-2019,3:23 AM,304
44,19-Oct-2019,9:33 AM,263
45,03-Oct-2019,2:25 PM,86
46,06-Feb-2020,3:11 AM,371
47,28-Mar-2019,7:55 PM,359
48,30-Oct-2019,2:58 PM,390
49,15-Nov-2019,6:19 PM,127
50,13-Jun-2019,3:18 PM,442
51,15-Jan-2020,12:22 AM,210
52,15-Feb-2020,1:30 AM,261
53,24-Jan-2020,1:22 PM,281
54,04-Apr-2019,12:32 PM,92
55,12-Feb-2020,7:52 AM,68
56,07-Mar-2020,1:35 PM,239
57,11-Apr-2019,5:45 AM,13
58,23-Jul-2019,9:00 PM,59
59,14-Feb-2020,6:18 PM,253
60,21-Sep-2019,3:12 PM,343
61,24-Jun-2019,4:55 PM,15
62,22-Apr-2019,10:08 PM,255
63,14-Jan-2020,6:45 AM,172
64,26-May-2019,8:16 PM,134
65,13-Mar-2020,1:34 PM,456
66,20-Apr-2019,6:29 PM,378
67,20-Aug-2019,2:17 AM,318
68,18-Feb-2020,12:18 AM,295
69,07-Feb-2020,6:49 AM,171
70,27-Apr-2019,4:23 PM,206
71,15-May-2019,1:32 PM,173
72,27-Jun-2019,8:40 AM,286
73,29-Jul-2019,6:00 AM,171
74,27-Oct-2019,3:05 AM,39
75,01-Feb-2020,10:02 AM,111
76,26-May-2019,7:50 PM,417
77,20-Apr-2019,8:57 AM,87
78,25-Feb-2020,8:25 AM,190
79,15-Sep-2019,1:33 PM,122
80,13-May-2019,5:09 PM,11
81,24-Jan-2020,10:08 PM,428
82,23-Sep-2019,10:59 PM,304
83,24-Nov-2019,8:59 PM,275
84,08-Aug-2019,5:24 PM,483
85,08-Jul-2019,7:55 PM,494
86,25-Oct-2019,12:36 PM,200
87,01-Sep-2019,4:32 AM,461
88,24-Oct-2019,11:15 PM,487
89,02-Mar-2020,11:11 AM,448
90,03-Dec-2019,11:54 AM,135
91,13-Feb-2020,5:23 AM,307
92,23-Apr-2019,12:28 PM,224
93,04-Jan-2020,1:42 PM,444
94,20-Nov-2019,9:21 PM,346
95,08-May-2019,4:39 AM,87
96,27-Oct-2019,12:48 PM,286
97,27-Sep-2019,12:33 AM,149
98,13-Nov-2019,12:45 AM,119
99,07-Nov-2019,1:33 AM,27
100,09-Apr-2019,12:29 PM,457
101,15-Mar-2020,4:37 AM,231
102,07-Jul-2019,3:45 AM,386
103,11-Dec-2019,2:05 PM,405
104,03-Jun-2019,7:20 AM,356
105,25-Nov-2019,7:26 PM,449
106,23-May-2019,7:18 PM,437
107,15-Nov-2019,12:02 PM,53
108,11-Jul-2019,11:42 AM,93
109,18-Aug-2019,8:55 AM,174
110,18-Apr-2019,4:03 PM,230
111,28-Sep-2019,9:59 PM,461
112,07-Mar-2020,3:52 AM,248
113,25-May-2019,4:46 AM,411
114,02-Dec-2019,12:37 AM,349
115,21-Apr-2019,1:44 PM,177
116,22-Mar-2019,5:45 PM,290
117,18-Apr-2019,9:09 AM,82
118,29-Aug-2019,12:39 PM,471
119,15-Jun-2019,9:39 AM,307
120,20-Mar-2020,9:45 AM,353
121,31-Jan-2020,7:30 PM,387
122,21-Jun-2019,11:05 AM,393
123,09-Aug-2019,10:27 PM,356
124,12-May-2019,12:10 AM,284
125,12-Jan-2020,6:10 AM,336
126,31-May-2019,5:42 PM,199
127,06-Sep-2019,10:34 AM,367
128,03-Aug-2019,7:33 PM,350
129,19-Sep-2019,1:48 PM,365
130,22-Feb-2020,1:05 AM,192
131,18-Dec-2019,2:01 PM,154
132,24-Jun-2019,6:54 AM,45
133,22-Aug-2019,6:36 AM,141
134,24-Feb-2020,6:02 AM,321
135,17-Aug-2019,10:37 PM,366
136,28-May-2019,9:59 AM,223
137,16-Aug-2019,11:57 AM,29
138,08-Jul-2019,1:34 PM,438
139,23-Jun-2019,1:32 AM,400
140,13-Aug-2019,7:24 AM,212
141,04-Jan-2020,7:15 PM,162
142,06-Jul-2019,2:31 AM,44
143,02-May-2019,11:50 AM,78
144,22-Jan-2020,10:10 PM,391
145,28-Sep-2019,12:44 PM,279
146,11-Sep-2019,12:59 PM,50
147,05-Mar-2020,2:08 PM,168
148,03-Feb-2020,6:42 PM,287
149,01-Aug-2019,4:49 AM,444
150,08-Nov-2019,10:33 AM,453
151,24-Nov-2019,3:12 AM,434
152,06-Apr-2019,8:34 AM,242
153,13-Jan-2020,11:55 AM,403
154,04-Nov-2019,6:39 PM,98
155,26-Oct-2019,9:02 AM,321
156,13-May-2019,8:12 PM,340
157,04-Apr-2019,3:23 PM,468
158,05-Jun-2019,10:00 PM,45
159,03-Sep-2019,1:22 AM,361
160,25-Dec-2019,7:56 AM,448
161,18-Oct-2019,8:11 AM,315
162,03-Dec-2019,2:28 PM,384
163,28-Aug-2019,6:33 AM,199
164,26-Jul-2019,2:06 AM,191
165,24-Dec-2019,3:04 AM,73
166,08-Aug-2019,12:31 PM,190
167,23-Oct-2019,8:03 PM,467
168,08-Sep-2019,1:59 AM,19
169,05-Sep-2019,1:43 AM,140
170,26-Feb-2020,8:56 AM,356
171,09-May-2019,3:28 AM,166
172,02-Jul-2019,10:07 PM,442
173,05-Apr-2019,6:12 PM,333
174,20-Mar-2020,10:02 AM,346
175,17-Aug-2019,4:25 PM,498
176,16-Mar-2020,2:22 AM,359
177,14-Jun-2019,12:18 PM,311
178,16-Dec-2019,7:54 AM,152
179,08-Mar-2020,5:47 PM,256
180,04-Nov-2019,5:56 AM,171
181,28-Apr-2019,5:28 PM,237
182,14-Mar-2020,10:37 AM,46
183,24-Jun-2019,10:25 PM,185
184,22-Feb-2020,2:59 PM,461
185,26-Jan-2020,9:54 PM,443
186,04-Jun-2019,5:23 PM,24
187,10-Oct-2019,8:15 AM,453
188,18-Jun-2019,6:13 AM,301
189,06-Apr-2019,8:17 PM,35
190,09-Jan-2020,10:11 PM,325
191,11-Jan-2020,2:46 AM,112
192,26-May-2019,7:47 AM,456
193,17-Jun-2019,5:25 AM,305
194,17-Jul-2019,10:52 AM,236
195,04-Aug-2019,11:24 PM,199
196,20-Apr-2019,9:54 AM,290
197,03-Mar-2020,2:29 AM,338
198,02-Oct-2019,1:39 AM,161
199,10-Nov-2019,3:09 PM,27
200,09-Aug-2019,11:50 PM,300
201,09-Jul-2019,8:12 AM,353
202,19-Sep-2019,8:52 PM,379
203,18-Jul-2019,4:12 AM,312
204,02-Apr-2019,5:55 AM,16
205,16-Oct-2019,1:50 AM,260
206,08-Apr-2019,11:03 PM,371
207,21-May-2019,4:25 PM,51
208,03-Jan-2020,7:37 PM,107
209,18-Aug-2019,2:32 AM,91
210,08-Jan-2020,10:48 AM,44
211,21-May-2019,8:11 AM,328
212,29-Jul-2019,8:38 PM,141
213,16-May-2019,9:13 PM,202
214,23-Oct-2019,4:36 PM,386
215,24-Aug-2019,12:09 AM,77
216,01-Nov-2019,4:52 PM,37
217,29-Jul-2019,2:06 PM,436
218,14-Feb-2020,3:53 PM,368
219,17-Mar-2020,8:55 PM,393
220,28-Nov-2019,1:14 AM,74
221,11-May-2019,1:20 PM,287
222,13-Aug-2019,12:14 PM,271
223,01-Apr-2019,7:28 PM,412
224,03-Jan-2020,1:05 AM,134
225,23-Nov-2019,2:37 PM,235
226,07-Dec-2019,6:11 AM,132
227,22-Jul-2019,2:51 AM,256
228,30-Oct-2019,9:50 AM,258
229,14-May-2019,6:59 PM,394
230,05-Dec-2019,3:37 AM,388
231,25-Mar-2019,2:40 PM,202
232,24-Jan-2020,3:59 AM,386
233,20-Aug-2019,11:48 PM,463
234,25-Nov-2019,6:02 PM,320
235,21-Aug-2019,12:26 AM,271
236,17-Jan-2020,11:29 PM,424
237,22-Jul-2019,10:12 AM,292
238,04-Aug-2019,3:23 AM,359
239,11-Jan-2020,12:34 PM,74
240,22-Jan-2020,5:23 AM,74
241,06-Dec-2019,10:16 AM,474
242,23-Apr-2019,4:08 PM,169
243,03-May-2019,7:37 PM,400
244,08-May-2019,5:13 AM,238
245,13-Mar-2020,4:48 AM,397
246,22-Jul-2019,3:24 PM,418
247,29-Feb-2020,2:05 PM,347
248,09-Jun-2019,1:51 AM,230
249,25-Mar-2019,9:56 AM,193
250,18-Mar-2020,7:07 AM,231
251,17-Jul-2019,11:06 AM,491
252,11-Sep-2019,10:41 PM,35
253,05-Nov-2019,8:27 PM,444
254,05-Nov-2019,12:20 AM,386
255,01-Jun-2019,4:31 AM,166
256,31-Mar-2019,3:53 AM,438
257,21-Aug-2019,8:54 AM,423
258,10-Dec-2019,8:01 PM,445
259,17-Dec-2019,5:39 PM,363
260,24-Oct-2019,7:50 PM,306
261,28-Oct-2019,3:22 AM,18
262,10-Jul-2019,7:48 PM,185
263,16-Aug-2019,7:55 PM,31
264,19-Jun-2019,7:08 PM,323
265,12-Nov-2019,9:23 PM,461
266,13-Nov-2019,7:52 AM,204
267,25-May-2019,2:07 AM,206
268,08-May-2019,3:13 AM,473
269,29-Apr-2019,1:27 AM,88
270,07-May-2019,8:33 AM,265
271,23-Sep-2019,10:47 AM,405
272,16-Sep-2019,12:45 AM,173
273,06-Dec-2019,9:08 AM,456
274,01-Sep-2019,11:00 AM,85
275,01-Nov-2019,7:42 AM,260
276,25-May-2019,5:49 AM,442
277,08-Jun-2019,10:35 PM,65
278,25-Dec-2019,2:52 AM,437
279,31-Dec-2019,4:27 AM,170
280,19-Jul-2019,6:47 AM,144
281,27-May-2019,8:06 AM,399
282,26-Feb-2020,7:43 AM,295
283,01-Sep-2019,11:21 PM,354
284,11-Oct-2019,2:10 AM,131
285,23-Jul-2019,3:17 PM,500
286,28-Jun-2019,3:27 AM,22
287,11-Oct-2019,2:52 AM,428
288,29-Jun-2019,10:57 PM,457
289,13-Oct-2019,6:34 AM,240
290,01-Jul-2019,4:28 PM,23
291,16-Jan-2020,1:58 AM,214
292,08-Jan-2020,7:18 PM,186
293,11-Feb-2020,4:32 PM,85
294,25-Nov-2019,4:45 PM,231
295,01-Feb-2020,10:11 AM,118
296,28-Mar-2019,10:50 AM,443
297,29-Dec-2019,1:04 PM,200
298,28-Jun-2019,9:16 AM,318
299,28-Sep-2019,1:26 AM,205
300,05-Feb-2020,10:31 PM,91
301,06-Nov-2019,3:35 PM,50
302,14-Jul-2019,4:25 AM,312
303,04-Aug-2019,5:21 PM,38
304,20-Nov-2019,11:03 PM,469
305,20-Aug-2019,2:37 PM,46
306,09-Mar-2020,12:17 PM,297
307,24-Oct-2019,10:58 AM,242
308,20-Apr-2019,5:11 AM,239
309,11-Nov-2019,8:06 PM,306
310,23-Nov-2019,10:12 PM,495
311,07-Nov-2019,11:31 PM,438
312,04-Sep-2019,4:36 PM,60
313,03-Aug-2019,3:44 AM,140
314,05-Apr-2019,4:23 AM,95
315,10-Jun-2019,8:07 AM,221
316,01-Mar-2020,10:19 PM,216
317,09-Apr-2019,6:53 AM,42
318,14-Sep-2019,3:38 PM,460
319,06-Feb-2020,11:09 PM,493
320,01-Dec-2019,11:27 AM,310
321,05-Jan-2020,9:57 AM,336
322,26-Oct-2019,2:43 PM,441
323,20-Aug-2019,11:43 PM,232
324,21-May-2019,9:04 PM,405
325,03-Feb-2020,9:33 AM,208
326,07-Feb-2020,2:22 AM,95
327,04-May-2019,3:08 AM,355
328,04-Jul-2019,1:26 PM,364
329,09-May-2019,8:50 AM,499
330,04-Jul-2019,1:29 PM,136
331,18-Oct-2019,9:18 PM,132
332,12-Jan-2020,4:31 AM,195
333,20-Sep-2019,5:21 PM,455
334,30-Oct-2019,4:07 AM,233
335,25-Jan-2020,4:47 PM,490
336,04-Sep-2019,6:50 AM,413
337,02-Mar-2020,3:51 PM,390
338,15-Nov-2019,5:43 PM,293
339,23-Jan-2020,4:03 AM,150
340,15-Apr-2019,5:04 PM,472
341,03-Jan-2020,1:56 AM,83
342,22-Mar-2019,12:05 AM,102
343,12-Mar-2020,8:54 AM,289
344,19-Jan-2020,7:37 AM,76
345,25-Aug-2019,5:26 AM,344
346,15-Mar-2020,9:30 PM,163
347,26-Aug-2019,12:37 PM,451
348,12-Oct-2019,2:28 PM,182
349,17-Jun-2019,10:39 AM,440
350,27-Sep-2019,1:17 PM,269
351,03-May-2019,4:17 PM,441
352,21-Mar-2020,4:58 AM,377
353,03-May-2019,8:05 PM,239
354,05-Dec-2019,8:43 AM,387
355,17-Mar-2020,9:10 PM,470
356,29-Nov-2019,7:31 PM,162
357,26-Nov-2019,7:33 PM,161
358,16-Sep-2019,6:51 PM,460
359,21-Jul-2019,8:45 PM,148
360,07-Mar-2020,8:44 AM,335
361,05-Sep-2019,5:52 PM,375
362,09-Jan-2020,2:30 AM,156
363,28-Jun-2019,5:56 AM,125
364,29-Mar-2019,4:05 AM,465
365,20-Apr-2019,5:23 AM,424
366,01-Oct-2019,3:07 AM,32
367,13-Aug-2019,9:49 AM,108
368,11-Jan-2020,9:29 AM,487
369,03-Apr-2019,10:39 AM,17
370,19-Apr-2019,1:12 AM,29
371,31-Oct-2019,9:30 PM,390
372,04-Dec-2019,8:23 PM,484
373,27-May-2019,2:14 PM,30
374,24-Apr-2019,3:59 PM,236
375,26-Apr-2019,7:28 AM,19
376,22-Aug-2019,7:41 PM,389
377,16-Mar-2020,11:04 AM,100
378,04-Mar-2020,6:03 AM,47
379,27-Aug-2019,1:13 PM,8
380,26-Sep-2019,6:20 AM,466
381,20-Jun-2019,4:27 AM,42
382,06-Oct-2019,12:03 AM,385
383,22-Mar-2019,6:31 PM,122
384,26-Feb-2020,7:10 AM,79
385,03-Mar-2020,5:02 AM,109
386,19-May-2019,7:10 AM,389
387,05-May-2019,3:53 PM,486
388,31-Aug-2019,1:41 AM,175
389,03-Feb-2020,3:46 PM,301
390,22-Jun-2019,10:54 AM,128
391,15-Jan-2020,8:34 AM,213
392,15-Sep-2019,9:11 AM,319
393,02-Nov-2019,2:18 AM,347
394,01-Dec-2019,11:54 PM,359
395,28-Feb-2020,1:28 PM,412
396,16-Sep-2019,2:37 AM,71
397,31-May-2019,3:37 PM,128
398,13-Jul-2019,8:35 AM,302
399,22-Apr-2019,6:56 PM,360
400,09-Oct-2019,2:18 AM,411
401,22-May-2019,5:46 PM,94
402,28-Sep-2019,4:00 PM,17
403,07-Apr-2019,12:18 AM,326
404,15-Oct-2019,3:20 PM,298
405,02-Feb-2020,3:11 AM,362
406,18-Feb-2020,4:22 PM,222
407,05-Feb-2020,10:42 PM,21
408,21-Apr-2019,10:57 PM,312
409,16-Aug-2019,10:26 AM,65
410,25-Oct-2019,6:24 PM,174
411,08-Nov-2019,11:49 AM,240
412,18-Jan-2020,11:55 PM,29
413,20-Oct-2019,12:10 PM,306
414,24-Jul-2019,5:46 PM,342
415,06-Nov-2019,11:15 PM,279
416,19-Oct-2019,1:55 AM,166
417,12-Mar-2020,12:24 AM,376
418,27-May-2019,1:19 PM,212
419,13-Jan-2020,3:21 PM,120
420,13-Jan-2020,1:06 PM,344
421,29-Oct-2019,1:22 PM,192
422,01-Nov-2019,10:46 AM,498
423,27-Mar-2019,10:30 AM,53
424,31-Mar-2019,8:50 PM,398
425,07-Oct-2019,7:58 PM,444
426,25-Feb-2020,5:09 PM,25
427,14-Mar-2020,1:03 AM,168
428,02-Sep-2019,6:54 PM,10
429,14-Sep-2019,6:40 PM,477
430,31-May-2019,9:59 PM,464
431,06-Jun-2019,5:12 PM,366
432,31-Oct-2019,2:27 AM,115
433,04-Dec-2019,10:56 PM,281
434,20-Dec-2019,2:02 AM,132
435,13-Jul-2019,10:19 PM,373
436,25-Nov-2019,3:44 AM,3
437,11-Apr-2019,4:18 AM,492
438,07-Mar-2020,11:24 AM,280
439,05-Dec-2019,7:18 PM,149
440,24-Oct-2019,2:34 AM,471
441,30-Jul-2019,4:02 PM,71
442,23-Jan-2020,5:14 AM,321
443,04-Jun-2019,11:48 AM,431
444,29-Jan-2020,1:33 PM,27
445,27-Jan-2020,1:55 AM,455
446,29-Dec-2019,12:05 PM,384
447,07-Feb-2020,4:00 AM,150
448,22-Jan-2020,10:28 AM,306
449,07-Nov-2019,6:11 PM,238
450,17-Dec-2019,8:52 AM,234
451,28-Apr-2019,10:00 AM,278
452,26-Mar-2019,6:49 PM,68
453,21-May-2019,2:07 PM,195
454,07-May-2019,5:49 AM,147
455,01-Jun-2019,6:45 AM,316
456,08-Nov-2019,10:05 PM,268
457,22-Oct-2019,9:26 PM,126
458,23-Apr-2019,6:13 AM,107
459,13-Jan-2020,4:39 PM,122
460,29-Aug-2019,10:33 PM,208
461,17-Nov-2019,2:55 PM,269
462,03-Dec-2019,7:37 PM,439
463,11-May-2019,10:29 AM,107
464,23-Nov-2019,12:57 PM,185
465,22-Apr-2019,12:46 AM,336
466,24-Dec-2019,1:23 AM,289
467,24-Dec-2019,11:29 AM,20
468,06-Jun-2019,12:31 AM,337
469,02-Oct-2019,2:37 AM,285
470,13-Jun-2019,10:51 PM,223
471,01-Apr-2019,2:53 AM,189
472,11-Jan-2020,5:59 AM,290
473,12-May-2019,5:09 AM,478
474,02-Jan-2020,11:12 AM,449
475,06-May-2019,11:52 AM,382
476,31-Mar-2019,10:56 AM,260
477,13-Nov-2019,9:02 PM,275
478,16-Nov-2019,4:51 PM,88
479,20-Aug-2019,12:27 AM,213
480,31-Dec-2019,2:53 PM,342
481,17-Aug-2019,9:28 PM,218
482,13-Jun-2019,1:10 PM,51
483,21-Mar-2020,1:02 PM,68
484,29-Jul-2019,1:53 PM,107
485,16-May-2019,4:31 PM,457
486,13-Oct-2019,1:04 AM,300
487,27-May-2019,10:29 AM,33
488,05-Apr-2019,1:37 AM,380
489,21-Apr-2019,3:44 AM,45
490,07-Sep-2019,7:38 PM,244
491,03-Oct-2019,11:13 AM,477
492,15-Jun-2019,3:17 AM,107
493,21-Aug-2019,5:03 PM,451
494,28-Dec-2019,4:12 AM,257
495,14-Nov-2019,8:58 PM,202
496,25-Oct-2019,6:50 PM,155
497,14-Nov-2019,8:34 PM,327
498,05-Jan-2020,1:28 AM,267
499,06-Dec-2019,1:14 AM,140
500,01-Feb-2020,11:55 PM,167
501,07-Jan-2020,10:04 PM,427
502,30-Nov-2019,6:25 PM,246
503,10-Apr-2019,6:05 AM,81
504,11-Apr-2019,5:39 PM,106
505,08-Dec-2019,12:21 PM,59
506,09-Feb-2020,12:28 PM,197
507,17-Apr-2019,4:21 PM,394
508,24-Oct-2019,1:28 AM,305
509,19-Jun-2019,3:14 PM,268
510,10-Apr-2019,11:27 PM,224
511,12-Dec-2019,2:57 AM,243
512,24-Jul-2019,9:27 AM,460
513,27-Feb-2020,10:05 PM,280
514,10-Feb-2020,8:27 PM,332
515,24-Apr-2019,3:33 PM,475
516,17-Jul-2019,2:18 AM,136
517,27-Dec-2019,5:17 AM,368
518,31-May-2019,1:43 AM,118
519,31-May-2019,11:58 PM,300
520,14-Jan-2020,4:38 PM,18
521,19-Jul-2019,2:40 PM,102
522,13-Jun-2019,5:53 PM,152
523,17-Dec-2019,10:01 PM,42
524,14-Aug-2019,3:27 AM,240
525,03-May-2019,4:42 AM,484
526,12-Feb-2020,9:48 AM,342
527,23-May-2019,2:17 PM,449
528,29-Dec-2019,8:02 AM,393
529,18-May-2019,8:46 AM,364
530,08-Dec-2019,1:58 AM,378
531,06-Mar-2020,3:52 AM,72
532,26-Nov-2019,9:31 PM,354
533,22-Aug-2019,10:49 AM,478
534,04-Jun-2019,10:03 PM,69
535,28-Feb-2020,5:26 PM,174
536,10-Jul-2019,6:30 AM,137
537,27-Dec-2019,8:36 AM,105
538,16-Jul-2019,2:22 AM,47
539,25-Sep-2019,5:13 AM,380
540,20-Aug-2019,2:29 PM,25
541,23-Oct-2019,12:07 PM,380
542,07-Mar-2020,4:32 AM,476
543,03-Oct-2019,7:19 AM,322
544,16-Aug-2019,12:07 AM,280
545,26-Oct-2019,3:21 PM,481
546,03-Mar-2020,2:34 AM,2
547,07-Oct-2019,4:43 PM,322
548,02-Jun-2019,3:41 PM,411
549,07-Dec-2019,7:55 PM,297
550,24-Dec-2019,2:58 PM,169
551,10-Jan-2020,7:16 AM,444
552,29-Sep-2019,7:01 PM,213
553,01-Sep-2019,6:07 PM,357
554,08-Jul-2019,11:18 PM,11
555,12-May-2019,3:21 PM,373
556,12-Jan-2020,12:21 AM,476
557,28-Sep-2019,3:06 PM,295
558,10-Nov-2019,3:32 AM,117
559,14-Sep-2019,10:38 AM,54
560,16-Oct-2019,3:42 AM,440
561,31-Dec-2019,3:02 AM,318
562,11-Jul-2019,9:41 PM,64
563,11-Aug-2019,10:11 AM,203
564,17-May-2019,6:55 AM,31
565,05-Nov-2019,11:02 AM,124
566,29-Sep-2019,12:55 PM,326
567,13-Mar-2020,7:46 PM,387
568,06-Jul-2019,8:12 PM,242
569,24-Jul-2019,10:39 PM,186
570,22-Oct-2019,8:34 AM,478
571,14-Mar-2020,9:36 AM,422
572,26-Jul-2019,4:54 AM,368
573,14-Dec-2019,5:37 AM,343
574,02-Dec-2019,11:45 AM,70
575,12-Mar-2020,3:02 AM,251
576,29-Feb-2020,7:15 AM,423
577,26-Feb-2020,6:10 PM,310
578,19-Jan-2020,5:34 PM,268
579,07-Dec-2019,6:46 AM,477
580,18-Dec-2019,3:41 AM,442
581,06-Jul-2019,2:11 PM,191
582,19-Feb-2020,8:20 AM,104
583,05-Jan-2020,4:18 AM,130
584,05-Feb-2020,10:56 PM,52
585,17-Jul-2019,7:52 PM,143
586,09-Aug-2019,5:41 AM,283
587,26-Sep-2019,8:29 PM,154
588,16-Mar-2020,7:51 PM,363
589,17-Sep-2019,12:20 AM,213
590,22-Dec-2019,1:44 PM,138
591,07-Apr-2019,2:31 PM,39
592,04-Jun-2019,4:08 AM,194
593,18-Oct-2019,2:03 AM,74
594,01-Jan-2020,2:39 AM,97
595,11-Sep-2019,7:19 PM,82
596,25-Sep-2019,8:48 PM,68
597,27-Dec-2019,3:08 PM,298
598,30-Apr-2019,5:56 AM,306
599,20-Jun-2019,2:16 PM,70
600,23-Nov-2019,11:38 AM,462
601,11-Oct-2019,10:03 AM,316
602,17-Apr-2019,1:29 PM,254
603,08-Feb-2020,6:09 AM,8
604,24-Aug-2019,10:02 PM,24
605,12-Feb-2020,1:00 AM,379
606,08-Feb-2020,3:58 PM,299
607,08-Aug-2019,6:14 AM,133
608,04-Jul-2019,10:15 PM,198
609,18-May-2019,5:34 PM,401
610,07-Apr-2019,1:18 AM,164
611,02-Jan-2020,10:17 PM,482
612,01-Jul-2019,8:38 AM,322
613,03-Nov-2019,9:43 PM,96
614,13-Sep-2019,7:01 AM,391
615,02-Oct-2019,6:46 PM,353
616,14-Aug-2019,7:09 PM,30
617,18-Jul-2019,10:11 AM,251
618,02-Nov-2019,3:16 PM,10
619,23-Feb-2020,7:32 PM,439
620,23-Jan-2020,10:36 AM,185
621,25-Jul-2019,6:37 PM,10
622,29-Feb-2020,12:25 AM,285
623,24-Jul-2019,1:53 AM,397
624,23-Aug-2019,9:28 AM,51
625,14-Feb-2020,2:22 PM,422
626,22-Apr-2019,4:58 PM,71
627,19-Jan-2020,8:50 PM,484
628,08-Apr-2019,5:12 AM,420
629,28-Feb-2020,6:04 AM,86
630,14-Apr-2019,1:14 PM,92
631,24-May-2019,10:04 PM,209
632,31-Dec-2019,3:48 PM,472
633,15-Sep-2019,5:14 PM,240
634,31-Jul-2019,6:47 AM,255
635,01-May-2019,11:15 PM,276
636,22-May-2019,10:46 AM,386
637,22-Jun-2019,5:49 PM,80
638,19-Oct-2019,4:48 PM,245
639,24-Jan-2020,12:29 PM,199
640,17-Jul-2019,12:35 PM,19
641,23-Aug-2019,4:00 AM,316
642,07-Feb-2020,8:12 AM,415
643,25-Dec-2019,12:48 AM,308
644,21-Sep-2019,5:13 PM,231
645,25-Jun-2019,6:33 PM,244
646,05-May-2019,7:00 AM,20
647,01-May-2019,11:24 AM,119
648,21-May-2019,8:14 AM,222
649,28-Dec-2019,6:48 AM,58
650,31-Jul-2019,1:29 AM,302
651,09-Dec-2019,8:57 AM,461
652,30-Dec-2019,4:55 PM,152
653,20-Feb-2020,7:57 PM,376
654,07-Dec-2019,8:55 PM,461
655,05-Apr-2019,12:57 PM,189
656,24-Sep-2019,10:48 AM,393
657,07-Sep-2019,7:29 PM,229
658,15-Aug-2019,3:38 AM,134
659,11-Jul-2019,8:21 PM,15
660,03-Mar-2020,2:14 AM,282
661,04-May-2019,2:56 PM,185
662,28-Sep-2019,3:39 AM,13
663,03-Mar-2020,10:57 AM,184
664,17-Mar-2020,10:55 PM,349
665,28-May-2019,7:01 PM,387
666,29-Mar-2019,8:15 PM,143
667,10-Apr-2019,7:59 AM,70
668,09-Oct-2019,8:23 AM,405
669,05-Jan-2020,9:31 PM,479
670,13-Dec-2019,11:53 PM,124
671,07-Apr-2019,5:52 AM,192
672,27-Jun-2019,10:46 PM,96
673,09-Sep-2019,1:57 PM,436
674,25-Sep-2019,7:34 PM,288
675,06-May-2019,4:29 PM,33
676,07-Jun-2019,11:23 AM,299
677,08-Apr-2019,4:48 PM,245
678,20-Mar-2020,8:46 AM,285
679,27-Nov-2019,10:37 AM,416
680,19-Dec-2019,12:37 PM,95
681,01-Sep-2019,2:16 PM,339
682,11-May-2019,7:17 AM,95
683,05-May-2019,5:28 PM,257
684,11-Jun-2019,8:46 AM,239
685,10-May-2019,6:26 AM,357
686,17-Jul-2019,2:13 AM,206
687,16-May-2019,9:09 AM,493
688,12-Mar-2020,6:41 AM,378
689,03-Jul-2019,7:41 AM,499
690,07-Sep-2019,5:09 AM,259
691,06-Jan-2020,9:45 AM,88
692,16-Mar-2020,12:43 PM,302
693,12-Sep-2019,5:37 PM,75
694,29-Dec-2019,3:15 AM,179
695,12-Sep-2019,7:50 PM,492
696,07-Aug-2019,10:25 AM,235
697,14-May-2019,10:30 PM,199
698,15-Oct-2019,6:14 PM,144
699,12-Dec-2019,9:28 PM,225
700,03-Feb-2020,11:20 AM,241
701,10-Aug-2019,2:30 AM,264
702,04-Jan-2020,4:26 PM,257
703,22-Nov-2019,12:13 PM,156
704,14-Mar-2020,3:22 AM,28
705,05-Jul-2019,3:36 AM,422
706,23-Mar-2019,8:08 PM,490
707,09-Nov-2019,4:38 PM,424
708,03-May-2019,2:24 PM,268
709,01-Feb-2020,12:33 PM,489
710,04-Apr-2019,2:41 PM,38
711,19-Oct-2019,4:29 PM,338
712,22-Jan-2020,6:37 PM,414
713,03-Aug-2019,10:19 PM,101
714,26-Aug-2019,5:32 AM,204
715,01-Mar-2020,12:16 AM,235
716,28-Jan-2020,3:35 AM,367
717,14-Mar-2020,12:17 AM,357
718,10-Sep-2019,11:39 AM,139
719,03-Jul-2019,4:27 PM,485
720,30-Sep-2019,8:39 PM,170
721,01-Jan-2020,2:28 AM,463
722,21-Oct-2019,7:21 AM,127
723,05-Aug-2019,6:43 AM,194
724,14-May-2019,2:51 PM,272
725,04-Dec-2019,8:34 PM,290
726,21-Nov-2019,5:21 AM,170
727,02-Aug-2019,2:10 AM,209
728,22-Jan-2020,8:16 AM,323
729,28-Jun-2019,5:10 PM,205
730,16-Nov-2019,7:56 AM,195
731,09-Jan-2020,3:02 AM,31
732,11-Jan-2020,8:48 AM,417
733,22-Sep-2019,10:17 PM,384
734,12-Jun-2019,3:01 AM,163
735,27-Jan-2020,5:44 AM,357
736,21-Apr-2019,10:00 PM,108
737,12-Aug-2019,3:31 PM,384
738,27-May-2019,3:40 PM,160
739,14-Mar-2020,9:28 PM,474
740,02-Oct-2019,9:22 AM,12
741,12-Jun-2019,5:37 AM,468
742,04-Dec-2019,2:45 AM,469
743,22-May-2019,9:23 PM,291
744,01-Jun-2019,3:53 AM,442
745,29-Dec-2019,10:40 PM,21
746,06-Jul-2019,12:16 AM,305
747,21-Nov-2019,8:43 PM,135
748,18-Mar-2020,8:57 AM,14
749,15-Feb-2020,11:02 PM,404
750,23-May-2019,8:33 PM,414
751,07-Aug-2019,9:42 PM,366
752,07-Jun-2019,2:46 PM,342
753,28-May-2019,10:18 PM,112
754,27-Jan-2020,6:05 AM,4
755,11-Mar-2020,6:42 PM,423
756,10-Apr-2019,6:37 AM,231
757,18-Feb-2020,3:14 PM,214
758,15-Jul-2019,2:50 AM,409
759,20-Mar-2020,5:29 PM,309
760,18-Nov-2019,1:53 AM,94
761,01-Feb-2020,4:15 AM,223
762,21-Jun-2019,9:42 PM,48
763,19-Jul-2019,2:36 PM,17
764,14-Jul-2019,1:35 AM,8
765,24-Mar-2019,2:17 PM,359
766,29-Mar-2019,7:19 PM,346
767,15-Oct-2019,10:08 AM,323
768,06-Nov-2019,11:42 PM,454
769,10-Jul-2019,4:11 PM,325
770,19-Oct-2019,7:03 PM,287
771,13-Jun-2019,6:08 AM,91
772,16-Dec-2019,8:50 AM,153
773,11-Dec-2019,12:37 AM,311
774,22-Jul-2019,2:54 AM,342
775,27-Aug-2019,12:06 AM,416
776,18-Oct-2019,10:44 PM,205
777,17-Mar-2020,6:01 AM,409
778,15-Jun-2019,10:43 PM,475
779,23-May-2019,2:52 PM,72
780,02-Jun-2019,5:43 AM,130
781,11-May-2019,12:59 PM,428
782,15-Sep-2019,9:48 AM,163
783,16-Sep-2019,1:15 PM,99
784,01-Jul-2019,12:01 AM,194
785,11-Oct-2019,2:42 AM,421
786,21-Dec-2019,10:40 PM,235
787,25-Mar-2019,8:48 PM,274
788,24-Mar-2019,12:11 PM,271
789,01-Mar-2020,4:27 AM,126
790,31-Jan-2020,4:51 PM,247
791,24-Jun-2019,7:48 PM,235
792,05-May-2019,7:33 PM,486
793,06-Jan-2020,11:10 AM,323
794,18-Oct-2019,3:36 PM,363
795,30-Dec-2019,4:32 AM,498
796,27-Aug-2019,3:51 AM,279
797,20-Apr-2019,7:55 AM,427
798,26-Oct-2019,10:28 AM,72
799,03-Oct-2019,11:25 AM,385
800,08-Sep-2019,1:42 AM,287
801,09-Mar-2020,1:59 AM,91
802,24-Dec-2019,9:08 PM,231
803,20-Jan-2020,12:49 AM,11
804,07-Sep-2019,7:13 PM,168
805,24-May-2019,11:18 AM,235
806,05-Nov-2019,1:49 AM,25
807,08-Dec-2019,5:38 AM,424
808,03-Aug-2019,10:05 PM,360
809,23-Nov-2019,2:06 AM,73
810,19-Jun-2019,8:24 AM,209
811,06-May-2019,8:03 AM,112
812,07-Jan-2020,2:05 PM,453
813,05-Apr-2019,6:03 AM,335
814,17-Dec-2019,3:51 PM,488
815,25-May-2019,11:55 AM,453
816,24-Dec-2019,8:14 AM,204
817,27-Aug-2019,9:42 AM,445
818,30-Sep-2019,3:17 AM,22
819,05-Aug-2019,8:17 PM,304
820,05-Mar-2020,10:22 AM,307
821,03-Jun-2019,11:25 AM,5
822,23-Jun-2019,7:28 PM,356
823,06-Oct-2019,9:40 AM,214
824,02-Jul-2019,5:59 PM,219
825,31-Jan-2020,3:37 PM,312
826,17-Feb-2020,12:02 AM,280
827,15-Oct-2019,6:04 AM,305
828,18-Nov-2019,3:30 AM,242
829,26-Sep-2019,11:04 AM,397
830,07-Jan-2020,3:15 AM,216
831,01-Jun-2019,12:50 AM,439
832,30-Oct-2019,1:52 PM,255
833,25-Feb-2020,11:58 AM,209
834,18-Mar-2020,8:42 AM,340
835,24-Sep-2019,12:38 AM,16
836,03-Dec-2019,11:47 AM,25
837,07-Sep-2019,12:33 AM,461
838,14-Dec-2019,2:34 PM,40
839,23-Jun-2019,12:54 PM,430
840,06-Nov-2019,10:46 PM,492
841,09-Jun-2019,7:06 PM,213
842,25-May-2019,8:27 AM,464
843,19-Jul-2019,10:43 AM,463
844,10-Apr-2019,9:43 PM,486
845,17-Feb-2020,10:04 PM,90
846,03-Dec-2019,11:50 PM,215
847,21-Apr-2019,5:48 PM,337
848,20-Jun-2019,12:41 PM,321
849,01-Apr-2019,6:53 PM,425
850,20-Aug-2019,8:18 PM,319
851,06-Mar-2020,4:33 PM,132
852,11-Jan-2020,11:21 AM,198
853,04-Apr-2019,8:35 PM,443
854,08-Jan-2020,3:25 AM,108
855,18-Jul-2019,5:04 AM,435
856,14-Oct-2019,2:42 AM,235
857,20-May-2019,11:47 PM,65
858,19-Jul-2019,9:05 AM,488
859,31-May-2019,8:42 PM,47
860,08-Sep-2019,1:28 PM,81
861,16-Nov-2019,5:54 AM,51
862,30-Apr-2019,3:39 AM,311
863,30-Nov-2019,3:54 AM,231
864,14-Jun-2019,11:18 AM,450
865,30-Dec-2019,8:06 AM,337
866,17-Mar-2020,11:47 PM,5
867,16-Mar-2020,3:32 AM,195
868,20-Jun-2019,7:58 AM,275
869,17-Feb-2020,5:52 PM,244
870,08-Oct-2019,8:24 AM,171
871,10-Mar-2020,9:37 AM,169
872,20-Jul-2019,11:42 AM,400
873,14-Oct-2019,7:23 PM,187
874,31-Jul-2019,2:51 PM,150
875,26-Dec-2019,5:53 AM,456
876,20-Apr-2019,5:35 PM,249
877,02-Jul-2019,5:57 PM,150
878,31-Oct-2019,12:22 PM,163
879,23-Jul-2019,12:17 AM,446
880,07-Apr-2019,10:34 PM,388
881,19-Apr-2019,10:13 PM,202
882,09-Dec-2019,4:57 PM,204
883,02-Jun-2019,9:26 AM,219
884,25-Feb-2020,3:22 PM,463
885,16-Dec-2019,10:29 PM,456
886,13-Jan-2020,4:59 PM,200
887,14-May-2019,9:44 PM,403
888,06-Dec-2019,10:41 PM,44
889,19-May-2019,1:57 PM,446
890,03-Jun-2019,2:39 PM,169
891,30-Jul-2019,11:35 AM,298
892,22-Sep-2019,9:30 AM,308
893,18-Jul-2019,12:44 AM,179
894,12-Oct-2019,2:52 AM,204
895,17-Jun-2019,2:09 AM,56
896,10-Feb-2020,6:17 PM,53
897,06-Jan-2020,9:53 PM,224
898,06-Apr-2019,3:44 PM,92
899,03-Feb-2020,6:35 PM,274
900,08-Jun-2019,8:16 PM,104
901,12-Dec-2019,1:33 AM,271
902,25-Aug-2019,12:46 PM,106
903,22-Jun-2019,10:21 PM,168
904,21-Apr-2019,9:24 PM,211
905,27-Sep-2019,10:17 AM,440
906,12-Sep-2019,9:37 PM,357
907,22-Feb-2020,12:10 AM,377
908,06-Feb-2020,2:06 AM,155
909,21-Aug-2019,10:01 PM,13
910,29-Jun-2019,3:33 AM,400
911,15-May-2019,5:52 PM,482
912,12-Sep-2019,11:08 AM,94
913,20-May-2019,5:45 AM,334
914,09-May-2019,3:35 AM,146
915,03-Sep-2019,9:00 PM,42
916,03-Jan-2020,1:00 PM,375
917,22-Jul-2019,1:27 PM,288
918,15-May-2019,11:22 AM,430
919,04-Feb-2020,5:35 PM,115
920,18-Jan-2020,9:06 AM,352
921,16-Apr-2019,9:30 PM,125
922,23-Dec-2019,6:33 PM,262
923,26-Jun-2019,1:25 PM,314
924,29-Jun-2019,6:29 PM,290
925,11-Mar-2020,5:45 AM,310
926,08-Jan-2020,4:00 AM,126
927,21-Jun-2019,11:38 PM,378
928,02-Jan-2020,1:17 AM,345
929,16-Mar-2020,8:05 PM,373
930,11-Oct-2019,5:33 AM,187
931,08-Sep-2019,6:05 PM,91
932,11-Oct-2019,2:57 PM,401
933,26-Jun-2019,8:14 PM,284
934,07-Feb-2020,4:42 PM,65
935,27-Jul-2019,5:04 PM,225
936,06-Aug-2019,1:52 PM,444
937,20-Oct-2019,10:15 PM,155
938,16-Nov-2019,5:31 AM,48
939,21-Feb-2020,10:38 PM,355
940,14-May-2019,7:22 PM,484
941,14-Feb-2020,5:44 AM,342
942,02-Jun-2019,12:33 PM,244
943,02-Jul-2019,1:29 PM,325
944,16-May-2019,9:29 PM,20
945,26-Mar-2019,10:49 AM,363
946,24-Aug-2019,4:36 AM,487
947,01-Jan-2020,2:36 AM,60
948,30-Aug-2019,7:26 PM,209
949,05-May-2019,9:40 AM,73
950,05-Sep-2019,9:36 PM,179
951,15-Aug-2019,9:20 PM,197
952,08-Aug-2019,6:59 AM,455
953,09-Oct-2019,10:59 PM,391
954,21-Apr-2019,2:02 PM,135
955,13-Oct-2019,10:31 PM,305
956,26-Jan-2020,4:20 AM,362
957,21-Sep-2019,1:04 PM,49
958,23-Jun-2019,1:04 PM,91
959,24-Sep-2019,2:27 AM,185
960,06-Oct-2019,5:52 AM,237
961,15-Oct-2019,5:34 AM,25
962,31-Dec-2019,4:37 PM,353
963,19-May-2019,11:42 PM,20
964,02-Sep-2019,1:01 PM,57
965,04-Sep-2019,10:11 PM,69
966,01-Sep-2019,11:19 AM,73
967,06-Mar-2020,8:10 PM,489
968,05-Jun-2019,8:27 PM,133
969,01-Jan-2020,3:12 AM,332
970,04-Mar-2020,4:14 AM,58
971,30-Dec-2019,6:07 AM,201
972,13-Jul-2019,10:45 PM,69
973,18-Jan-2020,10:41 PM,254
974,08-Mar-2020,5:06 PM,146
975,08-Oct-2019,5:42 AM,200
976,06-Sep-2019,12:05 PM,354
977,22-Jan-2020,5:49 PM,100
978,27-Nov-2019,7:37 AM,499
979,05-Nov-2019,9:07 AM,273
980,11-Jul-2019,12:22 PM,137
981,13-Aug-2019,10:41 AM,89
982,22-Jan-2020,2:24 PM,190
983,25-Apr-2019,8:48 AM,74
984,14-Sep-2019,8:03 PM,144
985,05-Jul-2019,3:36 AM,154
986,10-Sep-2019,4:39 AM,473
987,14-Feb-2020,5:03 AM,130
988,10-Aug-2019,5:42 AM,372
989,26-May-2019,11:52 PM,214
990,23-Aug-2019,4:33 PM,437
991,10-Apr-2019,9:34 PM,271
992,29-Apr-2019,9:18 PM,99
993,26-Aug-2019,7:31 PM,57
994,17-Dec-2019,12:35 AM,305
995,18-Jan-2020,4:55 PM,241
996,29-Aug-2019,11:45 AM,25
997,15-May-2019,7:40 AM,399
998,06-Dec-2019,8:10 AM,134
999,17-Aug-2019,11:59 AM,86
1000,22-Jun-2019,2:55 PM,96
